Script conversion system code,Script conversion system name,Script conversion system authority code,Language code type,Language(s) ISO 639-2,Source script code ISO 15924,Target script code ISO 15924,System ID,System specification,Relationships,Remarks
acadsin-zho-hani-latn-2002,Academica Sinica -- Chinese Tongyong Pinyin (2002),acadsin,iso-639-2,zho,Hani,Latn,2002,Academica Sinica -- Chinese Tongyong Pinyin (2002),,NOTE: OGC 11-122r1 code `zho_Hani2Latn_AcadSin_2002`
ahl-heb-hebr-latn-1957,Academy of the Hebrew Language -- Rules of Transcription: Romanization of Hebrew (1957),ahl,iso-639-2,heb,Hebr,Latn,1957,Academy of the Hebrew Language -- Rules of Transcription: Romanization of Hebrew (1957),,
ahl-heb-hebr-latn-2011,Academy of the Hebrew Language -- Rules of transliteration from Hebrew into Latin letters (2011),ahl,iso-639-2,heb,Hebr,Latn,2011,<<HebrLatn>>,,
alalc-aez-arab-latn-2017,ALA-LC Romanization Table -- Azerbaijani (2017),alalc,iso-639-2,aez,Arab,Latn,2017,ALA-LC Romanization Table -- Azerbaijani (2017),,2017
alalc-amh-ethi-latn-1997,ALA-LC Romanization Table -- Amharic (1997),alalc,iso-639-2,amh,Ethi,Latn,1997,<<ALALCTables>>,,NOTE: OGC 11-122r1 code `amh_Ethi2Latn_ALA_1997`
alalc-amh-ethi-latn-2011,ALA-LC Romanization Table -- Amharic (2011),alalc,iso-639-2,amh,Ethi,Latn,2011,ALA-LC Romanization Table -- Amharic (2011),,2011
alalc-ara-arab-latn-1997,ALA-LC Romanization Table -- Arabic (1997),alalc,iso-639-2,ara,Arab,Latn,1997,<<ALALCTables>>,,NOTE: OGC 11-122r1 code `ara_Arab2Latn_ALA_1997`
alalc-ara-arab-latn-2012,ALA-LC Romanization Table -- Arabic (2012),alalc,iso-639-2,ara,Arab,Latn,2012,ALA-LC Romanization Table -- Arabic (2012),,2012
alalc-arm-armn-latn-1997,ALA-LC Romanization Table -- Armenian (1997),alalc,iso-639-2,arm,Armn,Latn,1997,<<ALALCTables>>,,NOTE: OGC 11-122r1 code `hye_Armn2Latn_ALA_1997`
alalc-arm-armn-latn-2011,ALA-LC Romanization Table -- Armenian (2011),alalc,iso-639-2,arm,Armn,Latn,2011,ALA-LC Romanization Table -- Armenian (2011),,2011
alalc-asm-deva-latn-1997,ALA-LC Romanization Table -- Assamese (1997),alalc,iso-639-2,asm,Deva,Latn,1997,<<ALALCTables>>,,NOTE: OGC 11-122r1 code `asm_Deva2Latn_ALA_1997`
alalc-asm-deva-latn-2012,ALA-LC Romanization Table -- Assamese (2012),alalc,iso-639-2,asm,Deva,Latn,2012,ALA-LC Romanization Table -- Assamese (2012),,2012
alalc-aze-arab-latn-2017,ALA-LC Romanization Table -- Azerbaijani (2017) -- Perso-Arabic Script,alalc,iso-639-2,aze,Arab,Latn,2017,ALA-LC Romanization Table -- Azerbaijani (2017),,2017
alalc-aze-cyrl-latn-1997,ALA-LC Romanization Table -- Azerbaijani (1997),alalc,iso-639-2,aze,Cyrl,Latn,1997,<<ALALCTables>>,,NOTE: OGC 11-122r1 code `aze_Cyrl2Latn_ALA_1997`
alalc-aze-cyrl-latn-2017,ALA-LC Romanization Table -- Azerbaijani (2017) -- Cyrillic script,alalc,iso-639-2,aze,Cyrl,Latn,2017,ALA-LC Romanization Table -- Azerbaijani (2017),,
alalc-ban-bali-latn-1997,ALA-LC Romanization Table -- Balinese (1997),alalc,iso-639-2,ban,Bali,Latn,1997,ALA-LC Romanization Table -- Balinese (1997),,NOTE: OGC 11-122r1 code `ban_Bali2Latn_ALA_1997`
alalc-ban-bali-latn-2012,ALA-LC Romanization Table -- Balinese (2012),alalc,iso-639-2,ban,Bali,Latn,2012,ALA-LC Romanization Table -- Balinese (2012),,2012
alalc-bel-cyrl-latn-1997,ALA-LC Romanization Table -- Byelorussian (1997),alalc,iso-639-2,bel,Cyrl,Latn,1997,<<ALALCTables>>,,NOTE: OGC 11-122r1 code `bel_Cyrl2Latn_ALA_1997`
alalc-bel-cyrl-latn-2012,ALA-LC Romanization Table -- Belarusian (2012),alalc,iso-639-2,bel,Cyrl,Latn,2012,ALA-LC Romanization Table -- Belarusian (2012),,2012
alalc-ben-beng-latn-1997,ALA-LC Romanization Table -- Bengali (1997),alalc,iso-639-2,ben,Beng,Latn,1997,<<ALALCTables>>,,NOTE: OGC 11-122r1 code `ben_Beng2Latn_ALA_1997`
alalc-ben-beng-latn-2017,ALA-LC Romanization Table -- Bengali (2017),alalc,iso-639-2,ben,Beng,Latn,2017,ALA-LC Romanization Table -- Bengali (2017),,2017
alalc-bod-tibt-latn-1997,ALA-LC Romanization Table -- Tibetan (1997),alalc,iso-639-2,bod,Tibt,Latn,1997,<<ALALCTables>>,,NOTE: OGC 11-122r1 code `bod_Tibt2Latn_ALA_1997`
alalc-bod-tibt-latn-2015,ALA-LC Romanization Table -- Tibetan (2015),alalc,iso-639-2,bod,Tibt,Latn,2015,ALA-LC Romanization Table -- Tibetan (2015),,2015
alalc-btk-batk-latn-2012,ALA-LC Romanization Table -- Batak (2012),alalc,iso-639-2,btk,Batk,Latn,2012,ALA-LC Romanization Table -- Batak (2012),,2012
alalc-bul-cyrl-latn-1997,ALA-LC Romanization Table -- Bulgarian (1997),alalc,iso-639-2,bul,Cyrl,Latn,1997,<<ALALCTables>>,,NOTE: OGC 11-122r1 code `bul_Cyrl2Latn_ALA_1997`
alalc-bul-cyrl-latn-2013,ALA-LC Romanization Table -- Bulgarian (2013),alalc,iso-639-2,bul,Cyrl,Latn,2013,ALA-LC Romanization Table -- Bulgarian (2013),,2013
alalc-chr-cher-latn-2012,ALA-LC Romanization Table -- Cherokee (2012),alalc,iso-639-2,chr,Cher,Latn,2012,ALA-LC Romanization Table -- Cherokee (2012),,2012
alalc-chu-cyrs-latn-2011,ALA-LC Romanization Table -- Church Slavic (2011 rev),alalc,iso-639-2,chu,Cyrs,Latn,2011,ALA-LC Romanization Table -- Church Slavic (2011 rev),,2011 rev
alalc-cmc-cham-latn-2015,ALA-LC Romanization Table -- Cham (2015),alalc,iso-639-2,cmc,Cham,Latn,2015,ALA-LC Romanization Table -- Cham (2015),,"2015, the document covers Eastern Cham and Western Cham"
alalc-cop-copt-latn-2014,ALA-LC Romanization Table -- Coptic (2014),alalc,iso-639-2,cop,Copt,Latn,2014,ALA-LC Romanization Table -- Coptic (2014),,2014
alalc-mul-cyrl-latn-2017,ALA-LC Romanization Table -- Non-Slavic Languages (in Cyrillic Script) (2017),alalc,iso-639-3,mul,Cyrl,Latn,2017,ALA-LC Romanization Table -- Non-Slavic Languages (in Cyrillic Script) (2017),,"2017. NOTE: covers languages including: Abazin (1938); Abkhaz (1954); Adygei (1938); Altai (1845 & 1922); Altai (1938); Altai (1944); Avaric (1938); Balkar (1936); Balkar (1939); Bashkir (1939); Buriat (1939); Chechen (1862); Chechen (1908); Chechen (1938); Chukchi (1958); Chuvash (Missionary); Chuvash (1872, modified 1923, 1926, 1933); Chuvash (1938); Dargwa (Uslar); Dargwa (1938); Dungan (1952); Even (1937); Evenki (1937); Evenki (1958); Gagauz—Bulgaria; Gagauz—U.S.S.R. (1957); Gilyak; Ingush (1938); Kabardian (1936); Kabardian (1938); Kalmyk (1927); Kalmyk (1938); Kalmyk (1957); Kara-Kalpak (1940); Kara-Kalpak (revised ca. 1947); Kara-Kalpak (1957); Karachay (1938); Karachay-Balkar; Karelian; Kazakh (1940); Khakass (1893 missionary); Khakass (1924-1927); Khakass (1939); Khanty (1937); Khanty—Shuryshkary Dialect (1952); Khanty—Kazym Dialect (1952); Khanty—Surgut Dialect (1952); Khanty—Vakh Dialect (1952); Komi (1938); Komi (Molodtsov) (1919); Komi-Permyak (Missionary); Komi-Permyak (1938); Koryak; Kumyk (1938); Kyrgyz (1940); Lak (1864); Lak (1938); Lezgian (1938); Lezgian (Uslar); Lithuanian; Mansi (1937); Mansi (1958); Mari—Meadow Dialect (Missionary); Mari—Meadow Dialect (1870s and early Soviet); Mari—Meadow Dialect (1938); Mari—Mountain Dialect (Missionary); Mari—Mountain Dialect (1870s and early Soviet); Mari—Mountain Dialect (1938); Moldovan (Early and 1924); Moldovan (1937); Mongolian (1941-1945); Mordvin—Erzya Dialect (Early missionary); Mordvin—Erzya Dialect (Later missionary); Mordvin—Erzya Dialect (Early Soviet & 1938); Mordvin—Moksha Dialect (Missionary); Mordvin—Moksha Dialect (1923); Mordvin—Moksha Dialect (1938); Nanai; Nenets (1937); Nenets (1958); Nogai (1938); Ossetic—Digor Dialect (1938); Ossetic—Iron Dialect (1938); Romani—Bulgaria; Romani—U.S.S.R.; Sami (Missionary); Sami (1937); Selkup (1936); Shor (Missionary); Shor (1927); Shor (1938); Syriac (Modern); Tabasaran (1938); Tajik (1940); Tat; Tatar (1938); Tatar—Crimea; Tatar—Kryashen; Turkmen (1940); Tuvinian; Udekhe; Udmurt (Missionary); Udmurt (Early Soviet and 1937 alphabets); Yakut (1819); Yakut (1851 Böhtlingk); Yuit"
alalc-div-thaa-latn-1997,ALA-LC Romanization Table -- Maldivian (Divehi) (1997),alalc,iso-639-2,div,Thaa,Latn,1997,<<ALALCTables>>,,NOTE: OGC 11-122r1 code `div_Thaa2Latn_ALA_1997`
alalc-div-thaa-latn-2012,ALA-LC Romanization Table -- Divehi (2012),alalc,iso-639-2,div,Thaa,Latn,2012,ALA-LC Romanization Table -- Divehi (2012),,2012
alalc-dmn-nkoo-latn-2015,ALA-LC Romanization Table -- Mande languages (in N'ko script) (2015),alalc,iso-639-5,dmn,Nkoo,Latn,2015,ALA-LC Romanization Table -- Mande languages (in N'ko script) (2015),,"2015, dmn from ISO 639-5"
alalc-ell-grek-latn-1997,ALA-LC Romanization Table -- Greek (1997),alalc,iso-639-2,ell,Grek,Latn,1997,<<ALALCTables>>,,NOTE: OGC 11-122r1 code `ell_Grek2Latn_ALA_1997`
alalc-ell-grek-latn-2010,ALA-LC Romanization Table -- Greek (2010),alalc,iso-639-2,ell,Grek,Latn,2010,ALA-LC Romanization Table -- Greek (2010),,2010
alalc-eng-dsrt-latn-2016,ALA-LC Romanization Table -- Deseret (2016),alalc,iso-639-2,eng,Dsrt,Latn,2016,ALA-LC Romanization Table -- Deseret (2016),,2016
alalc-guj-gijr-latn-1997,ALA-LC Romanization Table -- Gujerati (1997),alalc,iso-639-2,guj,Gijr,Latn,1997,<<ALALCTables>>,,NOTE: OGC 11-122r1 code `guj_Gijr2Latn_ALA_1997`
alalc-guj-gujr-latn-2011,ALA-LC Romanization Table -- Gujarati (2011),alalc,iso-639-2,guj,Gujr,Latn,2011,ALA-LC Romanization Table -- Gujarati (2011),,2011
alalc-heb-hebr-latn-1997,ALA-LC Romanization Table -- Hebrew and Yiddish (1997),alalc,iso-639-2,heb,Hebr,Latn,1997,<<ALALCTables>>,,NOTE: OGC 11-122r1 code `heb_Hebr2Latn_ALA_1997`
alalc-heb-hebr-latn-2011,ALA-LC Romanization Table -- Hebrew and Yiddish (2011),alalc,iso-639-2,heb,Hebr,Latn,2011,ALA-LC Romanization Table -- Hebrew and Yiddish (2011),,2011
alalc-hin-deva-latn-1997,ALA-LC Romanization Table -- Hindi (1997),alalc,iso-639-2,hin,Deva,Latn,1997,<<ALALCTables>>,,NOTE: OGC 11-122r1 code `hin_Deva2Latn_ALA_1997`
alalc-hin-deva-latn-2011,ALA-LC Romanization Table -- Hindi (2011),alalc,iso-639-2,hin,Deva,Latn,2011,ALA-LC Romanization Table -- Hindi (2011),,2011
alalc-iku-cans-latn-2011,ALA-LC Romanization Table -- Inuktitut (2011),alalc,iso-639-2,iku,Cans,Latn,2011,ALA-LC Romanization Table -- Inuktitut (2011),,2011
alalc-jav-arab-latn-jp-2012,ALA-LC Romanization Table -- Jawi-Pegon (2012),alalc,iso-639-2,jav,Arab,Latn,jp-2012,ALA-LC Romanization Table -- Jawi-Pegon (2012),,"2012, need verification on language and script (TODO)"
alalc-jav-java-latn-1997,"ALA-LC Romanization Table -- Javanese, Sundanese, and Madurese (1997)",alalc,iso-639-2,jav,Java,Latn,1997,<<ALALCTables>>,,NOTE: OGC 11-122r1 code `jav_Java2Latn_ALA_1997`
alalc-jav-java-latn-2011,"ALA-LC Romanization Table -- Javanese, Sundanese, and Madurese (2011)",alalc,iso-639-2,jav,Java,Latn,2011,"ALA-LC Romanization Table -- Javanese, Sundanese, and Madurese (2011)",,2011
alalc-jpn-hrkt-latn-1997,ALA-LC Romanization Table -- Japanese (1997),alalc,iso-639-2,jpn,Hrkt,Latn,1997,<<ALALCTables>>,,NOTE: OGC 11-122r1 code `jpn_Hrkt2Latn_ALA_1997`
alalc-jpn-jpan-latn-2012,ALA-LC Romanization Table -- Japanese (2012),alalc,iso-639-2,jpn,Jpan,Latn,2012,ALA-LC Romanization Table -- Japanese (2012),,2012
alalc-jrb-hebr-latn-2011,ALA-LC Romanization Table -- Judeo-Arabic (2011),alalc,iso-639-2,jrb,Hebr,Latn,2011,ALA-LC Romanization Table -- Judeo-Arabic (2011),,"2011, Hebr does not contain all symbols of jrb"
alalc-kan-knda-latn-2011,ALA-LC Romanization Table -- Kannada (2011),alalc,iso-639-2,kan,Knda,Latn,2011,ALA-LC Romanization Table -- Kannada (2011),,2011
alalc-kas-arab-latn-1997,ALA-LC Romanization Table -- Kashmiri (1997),alalc,iso-639-2,kas,Arab,Latn,1997,<<ALALCTables>>,,NOTE: OGC 11-122r1 code `kas_Arab2Latn_ALA_1997`
alalc-kas-arab-latn-2012,ALA-LC Romanization Table -- Kashmiri (2012),alalc,iso-639-2,kas,Arab,Latn,2012,ALA-LC Romanization Table -- Kashmiri (2012),,2012
alalc-kat-geok-latn-1997,ALA-LC Romanization Table -- Georgian (1997) (Khutsuri),alalc,iso-639-2,kat,Geok,Latn,1997,<<ALALCTables>>,,NOTE: OGC 11-122r1 code `kat_Geor2Latn_ALA_1997`
alalc-kat-geok-latn-2011,ALA-LC Romanization Table -- Georgian (2011) (Khutsuri),alalc,iso-639-2,kat,Geok,Latn,2011,ALA-LC Romanization Table -- Georgian (2011),,2011
alalc-kat-geor-latn-1997,ALA-LC Romanization Table -- Georgian (1997) (Mkhedruli),alalc,iso-639-2,kat,Geor,Latn,1997,<<ALALCTables>>,,NOTE: OGC 11-122r1 code `kat_Geor2Latn_ALA_1997`
alalc-kat-geor-latn-2011,ALA-LC Romanization Table -- Georgian (2011) (Mkhedruli),alalc,iso-639-2,kat,Geor,Latn,2011,ALA-LC Romanization Table -- Georgian (2011),,2011
alalc-kaz-arab-latn-2012,ALA-LC Romanization Table -- Kazakh (2012),alalc,iso-639-2,kaz,Arab,Latn,2012,ALA-LC Romanization Table -- Kazakh (2012),,2012
alalc-khm-khmr-latn-1997,ALA-LC Romanization Table -- Cambodian (Khmer) (1997),alalc,iso-639-2,khm,Khmr,Latn,1997,<<ALALCTables>>,,NOTE: OGC 11-122r1 code `khm_Khmr2Latn_ALA_1997`
alalc-khm-khmr-latn-2012,ALA-LC Romanization Table -- Khmer (2012 rev),alalc,iso-639-2,khm,Khmr,Latn,2012,ALA-LC Romanization Table -- Khmer (2012 rev),,2012 rev
alalc-kor-hang-latn-1997,ALA-LC Romanization Table -- Korean (1997),alalc,iso-639-2,kor,Hang,Latn,1997,<<ALALCTables>>,,NOTE: OGC 11-122r1 code `kor_Hang2Latn_ALA_1997`
alalc-kor-kore-latn-2009,ALA-LC Romanization Table -- Korean (2009),alalc,iso-639-2,kor,Kore,Latn,2009,ALA-LC Romanization Table -- Korean (2009),,2009
alalc-kur-arab-latn-1997,ALA-LC Standard Kurdish Orthography Table (1997) -- Arabic,alalc,iso-639-2,kur,Arab,Latn,1997,<<ALALCTables>>,,NOTE: OGC 11-122r1 code `kur_Arab2Latn_ALA_1997`
alalc-kur-arab-latn-2012,ALA-LC Romanization Table -- Kurdish (2012) -- Arabic,alalc,iso-639-2,kur,Arab,Latn,2012,ALA-LC Romanization Table -- Kurdish (2012) -- Arabic,,2012
alalc-kur-cyrl-latn-1997,ALA-LC Standard Kurdish Orthography Table (1997) -- Cyrillic,alalc,iso-639-2,kur,Cyrl,Latn,1997,<<ALALCTables>>,,
alalc-kur-cyrl-latn-2012,ALA-LC Romanization Table -- Kurdish (2012) -- Cyrillic,alalc,iso-639-2,kur,Cyrl,Latn,2012,ALA-LC Romanization Table -- Kurdish (2012) -- Roman (Hawar),,2012
alalc-lad-hebr-latn-1997,ALA-LC Romanization Table -- Ladino (1997),alalc,iso-639-2,lad,Hebr,Latn,1997,<<ALALCTables>>,,NOTE: OGC 11-122r1 code `lad_Hebr2Latn_ALA_1997`
alalc-lad-hebr-latn-2011,ALA-LC Romanization Table -- Ladino (2011),alalc,iso-639-2,lad,Hebr,Latn,2011,ALA-LC Romanization Table -- Ladino (2011),,"2011, Hebr does not contain all symbols of Judeo-Aramaic"
alalc-lao-laoo-latn-1997,ALA-LC Romanization Table -- Lao (1997),alalc,iso-639-2,lao,Laoo,Latn,1997,<<ALALCTables>>,,NOTE: OGC 11-122r1 code `lao_Laoo2Latn_ALA_1997`
alalc-lao-laoo-latn-2012,ALA-LC Romanization Table -- Lao (2012),alalc,iso-639-2,lao,Laoo,Latn,2012,ALA-LC Romanization Table -- Lao (2012),,2012
alalc-lep-lepc-latn-2012,ALA-LC Romanization Table -- Lepcha (2012 rev),alalc,iso-639-3,lep,Lepc,Latn,2012,ALA-LC Romanization Table -- Lepcha (2012 rev),,"2012 rev, lep is from 639-3"
alalc-lif-limb-latn-2011,ALA-LC Romanization Table -- Limbu (2011),alalc,iso-639-3,lif,Limb,Latn,2011,ALA-LC Romanization Table -- Limbu (2011),,"2011, lif is from 639-3"
alalc-mad-java-latn-2011,"ALA-LC Romanization Table -- Javanese, Sundanese, and Madurese (2011)",alalc,iso-639-2,mad,Java,Latn,2011,"ALA-LC Romanization Table -- Javanese, Sundanese, and Madurese (2011)",,2011
alalc-mal-arab-latn-2012,ALA-LC Romanization Table -- Moplah (2012),alalc,iso-639-2,mal,Arab,Latn,2012,ALA-LC Romanization Table -- Moplah (2012),,"2012, language has no mapping in ISO 639, closest is Malayalam"
alalc-mal-mlym-latn-1997,ALA-LC Romanization Table -- Malayalam (1997),alalc,iso-639-2,mal,Mlym,Latn,1997,<<ALALCTables>>,,NOTE: OGC 11-122r1 code `mal_Mlym2Latn_ALA_1997`
alalc-mal-mlym-latn-2012,ALA-LC Romanization Table -- Malayalam (2012),alalc,iso-639-2,mal,Mlym,Latn,2012,ALA-LC Romanization Table -- Malayalam (2012),,2012
alalc-mar-deva-latn-1997,ALA-LC Romanization Table -- Marathi (1997),alalc,iso-639-2,mar,Deva,Latn,1997,<<ALALCTables>>,,NOTE: OGC 11-122r1 code `mar_Deva2Latn_ALA_1997`
alalc-mar-deva-latn-2011,ALA-LC Romanization Table -- Marathi (2011),alalc,iso-639-2,mar,Deva,Latn,2011,ALA-LC Romanization Table -- Marathi (2011),,2011
alalc-mkd-cyrl-latn-1997,ALA-LC Romanization Table -- Serbian and Macedonian -- Macedonian (1997),alalc,iso-639-2,mkd,Cyrl,Latn,1997,<<ALALCTables>>,,NOTE: OGC 11-122r1 code `srp_Cyrl2Latn_ALA_1997`
alalc-mkd-cyrl-latn-2013,ALA-LC Romanization Table -- Macedonian (2013),alalc,iso-639-2,mkd,Cyrl,Latn,2013,ALA-LC Romanization Table -- Macedonian (2013),,2013
alalc-mly-arab-latn-1997,ALA-LC Romanization Table -- Malay (1997),alalc,iso-639-2,mly,Arab,Latn,1997,<<ALALCTables>>,,NOTE: OGC 11-122r1 code `mly_Arab2Latn_ALA_1997`
alalc-mnc-mong-latn-2012,ALA-LC Romanization Table -- Manchu (2012),alalc,iso-639-2,mnc,Mong,Latn,2012,ALA-LC Romanization Table -- Manchu (2012),,"2012, Manchu script is considered using Mong script"
alalc-mon-cyrl-latn-1997,ALA-LC Romanization Table -- Mongolian -- Cyrillic script (1997),alalc,iso-639-2,mon,Cyrl,Latn,1997,<<ALALCTables>>,,NOTE: OGC 11-122r1 code `mon_Cyrl2Latn_ALA_1997`
alalc-mon-mong-latn-1997,ALA-LC Romanization Table -- Mongolian -- Mongolian script (1997),alalc,iso-639-2,mon,Mong,Latn,1997,<<ALALCTables>>,,1997
alalc-mya-mymr-latn-1997,ALA-LC Romanization Table -- Burmese (1997),alalc,iso-639-2,mya,Mymr,Latn,1997,<<ALALCTables>>,,NOTE: OGC 11-122r1 code `mya_Mymr2Latn_ALA_1997`
alalc-mya-mymr-latn-2011,ALA-LC Romanization Table -- Burmese (2011),alalc,iso-639-2,mya,Mymr,Latn,2011,ALA-LC Romanization Table -- Burmese (2011),,2011
alalc-ori-orya-latn-1997,ALA-LC Romanization Table -- Oriya (1997),alalc,iso-639-2,ori,Orya,Latn,1997,<<ALALCTables>>,,NOTE: OGC 11-122r1 code `ori_Orya2Latn_ALA_1997`
alalc-ori-orya-latn-2011,ALA-LC Romanization Table -- Oriya (2011),alalc,iso-639-2,ori,Orya,Latn,2011,ALA-LC Romanization Table -- Oriya (2011),,2011
alalc-ota-arab-latn-2011,ALA-LC Romanization Table -- Ottoman Turkish (2011),alalc,iso-639-2,ota,Arab,Latn,2011,ALA-LC Romanization Table -- Ottoman Turkish (2011),,"2011, ""Ottoman Turkish covers Turkish written in the Arabic alphabet and in other non-Roman alphabets as well (e.g., Armenian, Cyrillic, Greek, Hebrew)."" "
alalc-pan-deva-latn-1997,ALA-LC Romanization Table -- Panjabi (1997),alalc,iso-639-2,pan,Deva,Latn,1997,<<ALALCTables>>,,NOTE: OGC 11-122r1 code `pan_Deva2Latn_ALA_1997`
alalc-pan-guru-latn-2011,ALA-LC Romanization Table -- Panjabi (2011),alalc,iso-639-2,pan,Guru,Latn,2011,ALA-LC Romanization Table -- Panjabi (2011),,2011
alalc-per-arab-latn-1997,ALA-LC Romanization Table -- Persian (1997),alalc,iso-639-2,per,Arab,Latn,1997,<<ALALCTables>>,,NOTE: OGC 11-122r1 code `fas_Arab2Latn_ALA_1997`
alalc-per-arab-latn-2012,ALA-LC Romanization Table -- Persian (2012),alalc,iso-639-2,per,Arab,Latn,2012,ALA-LC Romanization Table -- Persian (2012),,2012
alalc-pli-beng-latn-2012,ALA-LC Romanization Table -- Pali (2012) -- Bengali,alalc,iso-639-2,pli,Beng,Latn,2012,ALA-LC Romanization Table -- Pali (2012) -- Bengali,,2012
alalc-pli-deva-latn-2012,ALA-LC Romanization Table -- Pali (2012) -- Devanagari,alalc,iso-639-2,pli,Deva,Latn,2012,ALA-LC Romanization Table -- Pali (2012) -- Devanagari,,2012
alalc-pli-mymr-latn-2012,ALA-LC Romanization Table -- Pali (2012) -- Burmese,alalc,iso-639-2,pli,Mymr,Latn,2012,ALA-LC Romanization Table -- Pali (2012) -- Burmese,,2012
alalc-pli-sinh-latn-2012,ALA-LC Romanization Table -- Pali (2012) -- Sinhalese,alalc,iso-639-2,pli,Sinh,Latn,2012,ALA-LC Romanization Table -- Pali (2012) -- Sinhalese,,2012
alalc-pli-thai-latn-2012,ALA-LC Romanization Table -- Pali (2012) -- Thai,alalc,iso-639-2,pli,Thai,Latn,2012,ALA-LC Romanization Table -- Pali (2012) -- Thai,,2012
alalc-pra-deva-latn-2012,ALA-LC Romanization Table -- Sanskrit and Prakrit (2012),alalc,iso-639-2,pra,Deva,Latn,2012,ALA-LC Romanization Table -- Sanskrit and Prakrit (2012),,2012
alalc-pus-arab-latn-1997,ALA-LC Romanization Table -- Pashto (2013),alalc,iso-639-2,pus,Arab,Latn,1997,<<ALALCTables>>,,NOTE: OGC 11-122r1 code `pus_Arab2Latn_ALA_1997`
alalc-pus-arab-latn-2013,ALA-LC Romanization Table -- Pushto (2013),alalc,iso-639-2,pus,Arab,Latn,2013,ALA-LC Romanization Table -- Pushto (2013),,2013
alalc-ron-cyrl-latn-2014,ALA-LC Romanization Table -- Romanian (in Cyrillic) (2014),alalc,iso-639-2,ron,Cyrl,Latn,2014,ALA-LC Romanization Table -- Romanian (in Cyrillic) (2014),,2014
alalc-rue-cyrl-latn-2013,"ALA-LC Romanization Table -- Rusyn, Carpatho-Rusyn (2013)",alalc,iso-639-2,rue,Cyrl,Latn,2013,"ALA-LC Romanization Table -- Rusyn, Carpatho-Rusyn (2013)",,2013
alalc-rus-cyrl-latn-1997,ALA-LC Romanization Table -- Russian (1997),alalc,iso-639-2,rus,Cyrl,Latn,1997,<<ALALCTables>>,,NOTE: OGC 11-122r1 code `rus_Cyrl2Latn_ALA_1997`
alalc-rus-cyrl-latn-2012,ALA-LC Romanization Table -- Russian (2012),alalc,iso-639-2,rus,Cyrl,Latn,2012,ALA-LC Romanization Table -- Russian (2012),,2012
alalc-san-deva-latn-2012,ALA-LC Romanization Table -- Sanskrit and Prakrit (2012),alalc,iso-639-2,san,Deva,Latn,2012,ALA-LC Romanization Table -- Sanskrit and Prakrit (2012),,2012
alalc-sat-olck-latn-2012,ALA-LC Romanization Table -- Santali (2012 rev),alalc,iso-639-2,sat,Olck,Latn,2012,ALA-LC Romanization Table -- Santali (2012 rev),,2012 rev
alalc-shn-mymr-latn-2012,ALA-LC Romanization Table -- Shan (2012),alalc,iso-639-2,shn,Mymr,Latn,2012,ALA-LC Romanization Table -- Shan (2012),,"2012, Shan has no corresponding script code in ISO 15924, closest is Mymr"
alalc-sin-sinh-latn-1997,ALA-LC Romanization Table -- Sinhalese (1997),alalc,iso-639-2,sin,Sinh,Latn,1997,<<ALALCTables>>,,NOTE: OGC 11-122r1 code `sin_Sinh2Latn_ALA_1997`
alalc-sin-sinh-latn-2011,ALA-LC Romanization Table -- Sinhalese (2011),alalc,iso-639-2,sin,Sinh,Latn,2011,ALA-LC Romanization Table -- Sinhalese (2011),,2011
alalc-snd-arab-latn-1997,ALA-LC Romanization Table -- Sindhi (1997),alalc,iso-639-2,snd,Arab,Latn,1997,<<ALALCTables>>,,NOTE: OGC 11-122r1 code `snd_Arab2Latn_ALA_1997`
alalc-snd-sind-latn-2013,ALA-LC Romanization Table -- Sindhi (2013),alalc,iso-639-2,snd,Sind,Latn,2013,ALA-LC Romanization Table -- Sindhi (2013),,2013
alalc-srp-cyrl-latn-1997,ALA-LC Romanization Table -- Serbian and Macedonian -- Serbian (1997),alalc,iso-639-2,srp,Cyrl,Latn,1997,<<ALALCTables>>,,NOTE: OGC 11-122r1 code `srp_Cyrl2Latn_ALA_1997`
alalc-srp-cyrl-latn-2013,ALA-LC Romanization Table -- Serbian (2013),alalc,iso-639-2,srp,Cyrl,Latn,2013,ALA-LC Romanization Table -- Serbian (2013),,2013
alalc-sun-arab-latn-jp-2012,ALA-LC Romanization Table -- Jawi-Pegon (2012),alalc,iso-639-2,sun,Arab,Latn,jp-2012,ALA-LC Romanization Table -- Jawi-Pegon (2012),,"2012, need verification on language and script (TODO)"
alalc-sun-java-latn-2011,"ALA-LC Romanization Table -- Javanese, Sundanese, and Madurese (2011)",alalc,iso-639-2,sun,Java,Latn,2011,"ALA-LC Romanization Table -- Javanese, Sundanese, and Madurese (2011)",,2011
alalc-syr-syrc-latn-2012,ALA-LC Romanization Table -- Syriac (2012),alalc,iso-639-2,syr,Syrc,Latn,2012,ALA-LC Romanization Table -- Syriac (2012),,2012
alalc-tam-taml-latn-1997,ALA-LC Romanization Table -- Tamil (1997),alalc,iso-639-2,tam,Taml,Latn,1997,<<ALALCTables>>,,NOTE: OGC 11-122r1 code `tam_Taml2Latn_ALA_1997`
alalc-tam-taml-latn-2011,ALA-LC Romanization Table -- Tamil (2011),alalc,iso-639-2,tam,Taml,Latn,2011,ALA-LC Romanization Table -- Tamil (2011),,2011
alalc-tel-telu-latn-1997,ALA-LC Romanization Table -- Telugu (1997),alalc,iso-639-2,tel,Telu,Latn,1997,<<ALALCTables>>,,NOTE: OGC 11-122r1 code `tel_Telu2Latn_ALA_1997`
alalc-tel-telu-latn-2011,ALA-LC Romanization Table -- Telugu (2011),alalc,iso-639-2,tel,Telu,Latn,2011,ALA-LC Romanization Table -- Telugu (2011),,2011
alalc-tha-thai-latn-1997,ALA-LC Romanization Table -- Thai (1997),alalc,iso-639-2,tha,Thai,Latn,1997,<<ALALCTables>>,,NOTE: OGC 11-122r1 code `tha_Thai2Latn_ALA_1997`
alalc-tha-thai-latn-2011,ALA-LC Romanization Table -- Thai (2011),alalc,iso-639-2,tha,Thai,Latn,2011,ALA-LC Romanization Table -- Thai (2011),,2011
alalc-tir-ethi-latn-1997,ALA-LC Romanization Table -- Tigrinya (1997),alalc,iso-639-2,tir,Ethi,Latn,1997,<<ALALCTables>>,,NOTE: OGC 11-122r1 code `tir_Ethi2Latn_ALA_1997`
alalc-tir-ethi-latn-2011,ALA-LC Romanization Table -- Tigrinya (2011),alalc,iso-639-2,tir,Ethi,Latn,2011,ALA-LC Romanization Table -- Tigrinya (2011),,2011
alalc-tmh-tfng-latn-2013,ALA-LC Romanization Table -- Tamashek (2013),alalc,iso-639-2,tmh,Tfng,Latn,2013,ALA-LC Romanization Table -- Tamashek (2013),,2013
alalc-uig-arab-latn-1997,ALA-LC Romanization Table -- Uyghur (1997),alalc,iso-639-2,uig,Arab,Latn,1997,<<ALALCTables>>,,NOTE: OGC 11-122r1 code `uig_Arab2Latn_ALA_1997`
alalc-uig-arab-latn-2015,ALA-LC Romanization Table -- Uighur (2015),alalc,iso-639-2,uig,Arab,Latn,2015,ALA-LC Romanization Table -- Uighur (2015),,2015
alalc-ukr-cyrl-latn-1997,ALA-LC Romanization Table -- Ukrainian (1997),alalc,iso-639-2,ukr,Cyrl,Latn,1997,<<ALALCTables>>,,NOTE: OGC 11-122r1 code `ukr_Cyrl2Latn_ALA_1997`
alalc-ukr-cyrl-latn-2011,ALA-LC Romanization Table -- Ukrainian (2011),alalc,iso-639-2,ukr,Cyrl,Latn,2011,ALA-LC Romanization Table -- Ukrainian (2011),,2011
alalc-urd-arab-latn-1997,ALA-LC Romanization Table -- Urdu (1997),alalc,iso-639-2,urd,Arab,Latn,1997,<<ALALCTables>>,,NOTE: OGC 11-122r1 code `urd_Arab2Latn_ALA_1997`
alalc-urd-arab-latn-2013,ALA-LC Romanization Table -- Urdu (2013),alalc,iso-639-2,urd,Arab,Latn,2013,ALA-LC Romanization Table -- Urdu (2013),,2013
alalc-uzb-arab-latn-2017,ALA-LC Romanization Table -- Uzbek (2017),alalc,iso-639-2,uzb,Arab,Latn,2017,ALA-LC Romanization Table -- Uzbek (2017),,2017
alalc-vai-vai-latn-2011,ALA-LC Romanization Table -- Vai (2011 rev),alalc,iso-639-2,vai,Vai,Latn,2011,ALA-LC Romanization Table -- Vai (2011 rev),,2011 rev
alalc-xal-mong-latn-2012,ALA-LC Romanization Table -- Tod-Oirat-Old Kalmyk (2012),alalc,iso-639-2,xal,Mong,Latn,2012,ALA-LC Romanization Table -- Tod-Oirat-Old Kalmyk (2012),,"2012, xal refers to Kalmyak; Oirat, need verification"
alalc-yid-hebr-latn-2011,ALA-LC Romanization Table -- Hebrew and Yiddish (2011),alalc,iso-639-2,yid,Hebr,Latn,2011,ALA-LC Romanization Table -- Hebrew and Yiddish (2011),,2011
alalc-zgh-tfng-latn-2012,ALA-LC Romanization Table -- Moroccan Tamazight (2012),alalc,iso-639-2,zgh,Tfng,Latn,2012,ALA-LC Romanization Table -- Moroccan Tamazight (2012),,2012
alalc-zho-hani-latn-1997,ALA-LC Romanization Table -- Chinese (1997),alalc,iso-639-2,zho,Hani,Latn,1997,<<ALALCTables>>,,NOTE: OGC 11-122r1 code `zho_Hani2Latn_ALA_1997`
alalc-zho-hani-latn-2011,ALA-LC Romanization Table -- Chinese (2011),alalc,iso-639-2,zho,Hani,Latn,2011,ALA-LC Romanization Table -- Chinese (2011),,2011
ammi-per-arab-latn-1959,Afghanistan Ministry of Mines and Industries Transliteration System for Geographic Names in Afghanistan (Yaghubi),ammi,iso-639-2,per,Arab,Latn,1959,Afghanistan Ministry of Mines and Industries Transliteration System for Geographic Names in Afghanistan (Yaghubi),,NOTE: OGC 11-122r1 code `fas_Arab2Latn_AMMI_1959`
ammi-pus-arab-latn-1959,Afghanistan Ministry of Mines and Industries Transliteration System for Geographic Names in Afghanistan (Yaghubi),ammi,iso-639-2,pus,Arab,Latn,1959,Afghanistan Ministry of Mines and Industries Transliteration System for Geographic Names in Afghanistan (Yaghubi),,NOTE: OGC 11-122r1 code `pus_Arab2Latn_AMMI_1959`
asm-ron-cyrl-latn-2016,Republic of Moldova Romanization,asm,iso-639-2,ron,Cyrl,Latn,2016,Republic of Moldova Romanization,,Note: Adopted by Moldova Order No. 872 on the application of the revised spelling rules as adopted by the Moldovan Academy of Sciences; Adoption date: 2016-10-17
az-aze-cyrl-latn-1991,Azerbijian Government -- Alphabet Transition from Cyrillic to Latin,az,iso-639-2,aze,Cyrl,Latn,1991,Azerbijian Government -- Alphabet Transition from Cyrillic to Latin (1991),,"NOTE: OGC 11-122r1 code `aze_Cyrl2Latn_GAZ_1991`. Azerbaijan's Milli Majlis (Parliament) adopted decree on conversion from Cyrillic to Latin script on December 25, 1991"
bas-rus-cyrl-latn-2017,Streamlined Romanization system for Russian Cyrillic,bas,iso-639-2,rus,Cyrl,Latn,2017,<<BasRusCyrl>>,,Date published: 2017.
bds-bul-cyrl-latn-1596-1973,BDS 1596:1973 Transliteration of Bulgarian Words with Latin Characters,bds,iso-639-2,bul,Cyrl,Latn,1596-1973,<<BDS1596-73>>,,
bgn-kor-hang-latn-1939,BGN Agreement -- Korean McCune-Reischauer System (1943),bgn,iso-639-2,kor,Hang,Latn,1939,BGN Agreement -- Korean McCune-Reischauer System (1943),,NOTE: OGC 11-122r1 code `kor_Hang2Latn_MR_1939`
bgna-bul-cyrl-latn-1952,Bulgarian 2002 Bulgarian Government Romanization System,bgna,iso-639-2,bul,Cyrl,Latn,1952,Bulgarian 2002 Bulgarian Government Romanization System,,NOTE: OGC 11-122r1 code `bul_Cyrl2Latn_BUL_1952`
bgna-bul-cyrl-latn-2006,Republic of Bulgaria system for transliteration of Bulgarian geographical names with Roman letters,bgna,iso-639-2,bul,Cyrl,Latn,2006,<<BulLatUN2006>>,,Date adopted: 2006-10-26
bgna-bul-cyrl-latn-2009,Streamlined System for Romanization of Bulgarian,bgna,iso-639-2,bul,Cyrl,Latn,2009,<<BulTransAct2009>>,,Date adopted: 2009-02-27. First adoption 1995 by <<BasBulAnartic>>.
bgnpcgn-ady-cyrl-latn-2012,BGN/PCGN Romanization System -- Adyghe (2012),bgnpcgn,iso-639-2,ady,Cyrl,Latn,2012,BGN/PCGN Romanization System -- Adyghe (2012),,Date approved: 2012
bgnpcgn-aee-arab-latn-2007,BGN/PCGN Romanization System -- Afghanistan (Unified Agreement) (2007),bgnpcgn,iso-639-2,aee,Arab,Latn,2007,BGN/PCGN Romanization System -- Afghanistan (Unified Agreement) (2007),,NOTE: OGC 11-122r1 code `uas_Arab2Latn_BGN_2007`. Date approved: 2007;  Notes: Applicable to Nuristani languages but not represented in ISO 639
bgnpcgn-aez-cyrl-latn-2002,BGN/PCGN Table of Correspondences -- Azerbaijani (2002),bgnpcgn,iso-639-2,aez,Cyrl,Latn,2002,BGN/PCGN Table of Correspondences -- Azerbaijani (2002),,"Date approved: 2002;  Originator: Govt of Azerbaijan, 1991"
bgnpcgn-amh-ethi-latn-1967,BGN/PCGN Romanization System -- Amharic (1967),bgnpcgn,iso-639-2,amh,Ethi,Latn,1967,BGN/PCGN Romanization System -- Amharic (1967),,Date approved: 1967. NOTE: OGC 11-122r1 code `amh_Ethi2Latn_BGN_1967`
bgnpcgn-ara-arab-latn-1956,BGN/PCGN Romanization System -- Arabic (1956),bgnpcgn,iso-639-2,ara,Arab,Latn,1956,BGN/PCGN Romanization System -- Arabic (1956),,Date approved: 1956. NOTE: OGC 11-122r1 code `ara_Arab2Latn_BGN_1956`
bgnpcgn-arm-armn-latn-1981,BGN/PCGN Romanization System -- Armenian (1981),bgnpcgn,iso-639-2,arm,Armn,Latn,1981,BGN/PCGN Romanization System -- Armenian (1981),,NOTE: OGC 11-122r1 code `hye_Armn2Latn_BGN_1981` and `isl_Armn2Latn_BGN_1981`. Date approved: 1981
bgnpcgn-ava-cyrl-latn-2011,BGN/PCGN Romanization System -- Avar (2011),bgnpcgn,iso-639-2,ava,Cyrl,Latn,2011,BGN/PCGN Romanization System -- Avar (2011),,Date approved: 2011
bgnpcgn-bak-cyrl-latn-2007,BGN/PCGN Table of Correspondences -- Bashkir (2007),bgnpcgn,iso-639-2,bak,Cyrl,Latn,2007,BGN/PCGN Table of Correspondences -- Bashkir (2007),,NOTE: OGC 11-122r1 code `bak_Cyrl2Latn_BGN_2007`. Date approved: 2007;  Originator: Bashkir practice
bgnpcgn-bal-arab-latn-2007,BGN/PCGN Romanization System -- Afghanistan (Unified Agreement) (2007),bgnpcgn,iso-639-2,bal,Arab,Latn,2007,BGN/PCGN Romanization System -- Afghanistan (Unified Agreement) (2007),,NOTE: OGC 11-122r1 code `uas_Arab2Latn_BGN_2007`. Date approved: 2007;  Notes: Applicable to Nuristani languages but not represented in ISO 639
bgnpcgn-bal-arab-latn-2008,BGN/PCGN Romanization System -- Baluchi (2008),bgnpcgn,iso-639-2,bal,Arab,Latn,2008,BGN/PCGN Romanization System -- Baluchi (2008),,Date approved: 2008
bgnpcgn-bel-cyrl-latn-1979,BGN/PCGN Romanization System -- Belarusian (1979),bgnpcgn,iso-639-2,bel,Cyrl,Latn,1979,BGN/PCGN Romanization System -- Belarusian (1979),,NOTE: OGC 11-122r1 code `bel_Cyrl2Latn_BGN_1979`. Date approved: 1979
bgnpcgn-bul-cyrl-latn-1952,BGN/PCGN Romanization System -- Bulgarian (1952),bgnpcgn,iso-639-2,bul,Cyrl,Latn,1952,BGN/PCGN Bulgarian Romanization System (1952),,NOTE: OGC 11-122r1 code `bul_Cyrl2Latn_BGN_1952`
bgnpcgn-bul-cyrl-latn-2013,BGN/PCGN Romanization Agreement -- Bulgarian (2013),bgnpcgn,iso-639-2,bul,Cyrl,Latn,2013,<<BulBgnpcgn2013>>,aliasOf:bgna-bul-cyrl-latn-2009,"NOTE: OGC 11-122r1 code `bul_Cyrl2Latn_BGN_2013`. Date approved: 2013;  Originator: Govt of Bulgaria, 2009"
bgnpcgn-che-cyrl-latn-2007,BGN/PCGN Table of Correspondences -- Chechen (2007),bgnpcgn,iso-639-2,che,Cyrl,Latn,2007,BGN/PCGN Table of Correspondences -- Chechen (2007),,NOTE: OGC 11-122r1 code `che_Cyrl2Latn_BGN_2007`
bgnpcgn-che-cyrl-latn-2008,BGN/PCGN Table of Correspondences -- Chechen (2008),bgnpcgn,iso-639-2,che,Cyrl,Latn,2008,BGN/PCGN Table of Correspondences -- Chechen (2008),,Date approved: 2008;  Originator: Chechen practice
bgnpcgn-chv-cyrl-latn-2011,BGN/PCGN Romanization System -- Chuvash (2011),bgnpcgn,iso-639-2,chv,Cyrl,Latn,2011,BGN/PCGN Romanization System -- Chuvash (2011),,Date approved: 2011
bgnpcgn-deu-latn-latn-1986,BGN/PCGN German Spelling Convention (1986),bgnpcgn,iso-639-2,deu,Latn,Latn,1986,BGN/PCGN German Spelling Convention 1986,,NOTE: OGC 11-122r1 code `deu_Latn2Latn_BGN_1986`
bgnpcgn-div-thaa-latn-1972,BGN/PCGN Romanization System -- Maldivian (Divehi) (1972),bgnpcgn,iso-639-2,div,Thaa,Latn,1972,BGN/PCGN Romanization System -- Maldivian (Divehi) (1972),,NOTE: OGC 11-122r1 code `div_Thaa2Latn_BGN_1972`
bgnpcgn-div-thaa-latn-1988,BGN/PCGN Romanization System -- Maldivian (1988),bgnpcgn,iso-639-2,div,Thaa,Latn,1988,BGN/PCGN Romanization System -- Maldivian (1988),,"Date approved: 1988;  Originator: Govt of Maldives, 1987"
bgnpcgn-dzo-tibt-latn-2010,BGN/PCGN Romanization Agreement -- Dzongkha (2010),bgnpcgn,iso-639-2,dzo,Tibt,Latn,2010,BGN/PCGN Romanization Agreement -- Dzongkha (2010),,"Date approved: 2010;  Originator: Govt of Bhutan, 1997"
bgnpcgn-ell-grek-latn-1962,BGN/PCGN Greek System (1962),bgnpcgn,iso-639-2,ell,Grek,Latn,1962,BGN/PCGN Greek System (1962),,NOTE: OGC 11-122r1 code `ell_Grek2Latn_BGN_1962`
bgnpcgn-ell-grek-latn-1996,BGN/PCGN Romanization System -- Greek (1996),bgnpcgn,iso-639-2,ell,Grek,Latn,1996,BGN/PCGN Romanization System -- Greek (1996),aliasOf:elot-ell-grek-latn-743-1982,NOTE: OGC 11-122r1 code `ell_Grek2Latn_ELOT743_1996`. Date approved: 1996;  Originator: Hellenic Organization for Standardization
bgnpcgn-fao-latn-latn-1968,BGN/PCGN Roman-Script Spelling Convention -- Faroese (1968),bgnpcgn,iso-639-2,fao,Latn,Latn,1968,BGN/PCGN Roman-Script Spelling Convention -- Faroese (1968),,NOTE: OGC 11-122r1 code `fao_Latn2Latn_BGN_1968`. Date approved: 1968;  Originator: Faroese orthography
bgnpcgn-ger-latn-latn-2000,BGN/PCGN Roman-Script Spelling Convention -- German (2000),bgnpcgn,iso-639-2,ger,Latn,Latn,2000,BGN/PCGN Roman-Script Spelling Convention -- German (2000),,Date approved: 2000;  Originator: German orthography
bgnpcgn-glh-arab-latn-2007,BGN/PCGN Romanization System -- Afghanistan (Unified Agreement) (2007),bgnpcgn,iso-639-2,glh,Arab,Latn,2007,BGN/PCGN Romanization System -- Afghanistan (Unified Agreement) (2007),,NOTE: OGC 11-122r1 code `uas_Arab2Latn_BGN_2007`. Date approved: 2007;  Notes: Applicable to Nuristani languages but not represented in ISO 639
bgnpcgn-heb-hebr-latn-1962,BGN/PCGN Romanization Agreement -- Hebrew (1962),bgnpcgn,iso-639-2,heb,Hebr,Latn,1962,BGN/PCGN Romanization Agreement -- Hebrew (1962),aliasOf:ahl-heb-hebr-latn-1957,NOTE: OGC 11-122r1 code `heb_Hebr2Latn_HAS_1962`. Date approved: 1962;  Originator: Hebrew Academy
bgnpcgn-heb-hebr-latn-2018,BGN/PCGN Hebrew (2018) Amended System,bgnpcgn,iso-639-2,heb,Hebr,Latn,2018,BGN/PCGN Hebrew (2018) Amended System,,NOTE: OGC 11-122r1 code `heb_Hebr2Latn_BGN_2018`
bgnpcgn-iku-cans-latn-2018,BGN/PCGN Table of Correspondences -- Inuktitut (2018),bgnpcgn,iso-639-2,iku,Cans,Latn,2018,BGN/PCGN Table of Correspondences -- Inuktitut (2018),,Date approved: 2018;  Originator: Inuit Cultural Institute
bgnpcgn-isl-latn-latn-1968,BGN/PCGN Roman-Script Spelling Convention -- Icelandic (1968),bgnpcgn,iso-639-2,isl,Latn,Latn,1968,BGN/PCGN Roman-Script Spelling Convention -- Icelandic (1968),,NOTE: OGC 11-122r1 code `isl_Latn2Latn_BGN_1968`. Date approved: 1968;  Originator: Icelandic orthography
bgnpcgn-jpn-hrkt-latn-1930,Japanese Kana Modified Hepburn 1930 System,bgnpcgn,iso-639-2,jpn,Hrkt,Latn,1930,Japanese Kana Modified Hepburn 1930 System,,NOTE: OGC 11-122r1 code `jpn_Hrkt2Latn_BGN_1930`
bgnpcgn-jpn-hrkt-latn-2017,BGN/PCGN Romanization Agreement -- Japanese Kana (2017),bgnpcgn,iso-639-2,jpn,Hrkt,Latn,2017,BGN/PCGN Romanization Agreement -- Japanese Kana (2017),,"Date approved: 2017;  Originator: J.C. Hepburn, 1867"
bgnpcgn-kat-geor-latn-1981,Georgian BGN/PCGN 1981 System,bgnpcgn,iso-639-2,kat,Geor,Latn,1981,Georgian BGN/PCGN 1981 System,,NOTE: OGC 11-122r1 code `kat_Geor2Latn_BGN_1981`
bgnpcgn-kat-geor-latn-2009,BGN/PCGN Romanization Agreement -- Georgian (2009),bgnpcgn,iso-639-2,kat,Geor,Latn,2009,BGN/PCGN Romanization Agreement -- Georgian (2009),,"Date approved: 2009;  Originator: Govt of Georgia, 2002"
bgnpcgn-kaz-cyrl-latn-1979,BGN/PCGN Romanization System -- Kazakh (1979),bgnpcgn,iso-639-2,kaz,Cyrl,Latn,1979,BGN/PCGN Romanization System -- Kazakh (1979),,NOTE: OGC 11-122r1 code `kaz_Cyrl2Latn_BGN_1979`. Date approved: 1979
bgnpcgn-kbd-cyrl-latn-2011,BGN/PCGN Romanization System -- Kabardian (2011),bgnpcgn,iso-639-2,kbd,Cyrl,Latn,2011,BGN/PCGN Romanization System -- Kabardian (2011),,Date approved: 2011
bgnpcgn-khm-khmr-latn-1972,BGN/PCGN Romanization Agreement -- Khmer (Cambodian) (1972),bgnpcgn,iso-639-2,khm,Khmr,Latn,1972,BGN/PCGN Romanization Agreement -- Khmer (Cambodian) (1972),,Date approved: 1972;  Originator: Service Géographique Khmer (SGK) 1959
bgnpcgn-kir-cyrl-latn-1979,BGN/PCGN Romanization System -- Kyrgyz (1979),bgnpcgn,iso-639-2,kir,Cyrl,Latn,1979,BGN/PCGN Romanization System -- Kyrgyz (1979),,NOTE: OGC 11-122r1 code `kir_Cyrl2Latn_BGN_1979`. Date approved: 1979
bgnpcgn-kor-kore-latn-kn-1945,BGN/PCGN Romanization Agreement -- Korean (North Korea) (1945),bgnpcgn,iso-639-2,kor,Kore,Latn,kn-1945,BGN/PCGN Romanization Agreement -- Korean (North Korea) (1945),,"Date approved: 1945;  Originator: McCune-Reischauer, 1939"
bgnpcgn-kor-kore-latn-kr-2011,BGN/PCGN Romanization Agreement -- Korean (South Korea) (2011),bgnpcgn,iso-639-2,kor,Kore,Latn,kr-2011,BGN/PCGN Romanization Agreement -- Korean (South Korea) (2011),,"Date approved: 2011;  Originator: Ministry of Culture and Tourism, 2000"
bgnpcgn-krc-cyrl-latn-2008,BGN/PCGN Table of Correspondences -- Karachay-Balkar (2008),bgnpcgn,iso-639-2,krc,Cyrl,Latn,2008,BGN/PCGN Table of Correspondences -- Karachay-Balkar (2008),,Date approved: 2008;  Originator: Karachay-Balkar practice
bgnpcgn-kur-arab-latn-1931,BGN/PCGN Kurdish Hawar Romanization System (1931),bgnpcgn,iso-639-2,kur,Arab,Latn,1931,BGN/PCGN Kurdish Hawar Romanization System (1931),,NOTE: OGC 11-122r1 code `kur_Arab2Latn_BGN_1931`
bgnpcgn-kur-arab-latn-2007,BGN/PCGN Romanization System -- Kurdish (2007),bgnpcgn,iso-639-2,kur,Arab,Latn,2007,BGN/PCGN Romanization System -- Kurdish (2007),,Date approved: 2007
bgnpcgn-lao-laoo-latn-1966,BGN/PCGN Romanization Agreement -- Lao (1966),bgnpcgn,iso-639-2,lao,Laoo,Latn,1966,BGN/PCGN Romanization Agreement -- Lao (1966),aliasOf:la-lao-laoo-latn-1965,"NOTE: OGC 11-122r1 code `lao_Laoo2Latn_CNT_1966`. Date approved: 1966;  Originator: Lao Commission Nationale de Toponymie (CNT), 1965"
bgnpcgn-mkd-cyrl-latn-1981,BGN/PCGN Romanization Agreement -- Macedonian (1981),bgnpcgn,iso-639-2,mkd,Cyrl,Latn,1981,BGN/PCGN Romanization Agreement -- Macedonian (1981),,NOTE: OGC 11-122r1 code `mkd_Cyrl2Latn_BGN_1981`
bgnpcgn-mkd-cyrl-latn-2013,BGN/PCGN Romanization Agreement -- Macedonian (2013),bgnpcgn,iso-639-2,mkd,Cyrl,Latn,2013,BGN/PCGN Romanization Agreement -- Macedonian (2013),aliasOf:mk-mkd-cyrl-latn-1952,NOTE: OGC 11-122r1 code `mkd_Cyrl2Latn_BGN_2013`. Date approved: 2013; Originator: Government of Macedonia
bgnpcgn-mon-cyrl-latn-1964,BGN/PCGN Romanization System -- Mongolian Cyrillic (1964),bgnpcgn,iso-639-2,mon,Cyrl,Latn,1964,BGN/PCGN Romanization System -- Mongolian Cyrillic (1964),,NOTE: OGC 11-122r1 code `mon_Cyrl2Latn_BGN_1964`. Date approved: 1964
bgnpcgn-mya-mymr-latn-1970,BGN/PCGN Romanization Agreement -- Burmese (1970),bgnpcgn,iso-639-2,mya,Mymr,Latn,1970,BGN/PCGN Romanization Agreement -- Burmese (1970),,"NOTE: OGC 11-122r1 code `nep_Mymr2Latn_BGN_1970`. Date approved: 1970;  Originator: Govt of Burma, 1907"
bgnpcgn-nep-deva-latn-1964,BGN/PCGN Romanization Agreement -- Nepali (1964),bgnpcgn,iso-639-2,nep,Deva,Latn,1964,BGN/PCGN Romanization Agreement -- Nepali (1964),,NOTE: OGC 11-122r1 code `nep_Deva2Latn_BGN_1964`
bgnpcgn-nep-deva-latn-2011,BGN/PCGN Romanization Agreement -- Nepali (2011),bgnpcgn,iso-639-2,nep,Deva,Latn,2011,BGN/PCGN Romanization Agreement -- Nepali (2011),,Date approved: 2011;  Originator: Nepal Survey Department
bgnpcgn-oss-cyrl-latn-2009,BGN/PCGN Romanization System -- Ossetian (2009),bgnpcgn,iso-639-2,oss,Cyrl,Latn,2009,BGN/PCGN Romanization System -- Ossetian (2009),,Date approved: 2009
bgnpcgn-per-arab-latn-1958,BGN/PCGN Romanization System -- Persian (1958),bgnpcgn,iso-639-2,per,Arab,Latn,1958,BGN/PCGN Romanization System -- Persian (1958),,NOTE: OGC 11-122r1 code `fas_Arab2Latn_BGN_1958`. Date approved: 1958. Covers Afghan and Iranian.
bgnpcgn-prs-arab-latn-2007,BGN/PCGN Romanization System -- Afghanistan (Unified Agreement) (2007),bgnpcgn,iso-639-2,prs,Arab,Latn,2007,BGN/PCGN Romanization System -- Afghanistan (Unified Agreement) (2007),,NOTE: OGC 11-122r1 code `uas_Arab2Latn_BGN_2007`. Date approved: 2007;  Notes: Applicable to Nuristani languages but not represented in ISO 639
bgnpcgn-psh-arab-latn-2007,BGN/PCGN Romanization System -- Afghanistan (Unified Agreement) (2007),bgnpcgn,iso-639-2,psh,Arab,Latn,2007,BGN/PCGN Romanization System -- Afghanistan (Unified Agreement) (2007),,NOTE: OGC 11-122r1 code `uas_Arab2Latn_BGN_2007`. Date approved: 2007;  Notes: Applicable to Nuristani languages but not represented in ISO 639
bgnpcgn-psi-arab-latn-2007,BGN/PCGN Romanization System -- Afghanistan (Unified Agreement) (2007),bgnpcgn,iso-639-2,psi,Arab,Latn,2007,BGN/PCGN Romanization System -- Afghanistan (Unified Agreement) (2007),,NOTE: OGC 11-122r1 code `uas_Arab2Latn_BGN_2007`. Date approved: 2007;  Notes: Applicable to Nuristani languages but not represented in ISO 639
bgnpcgn-pus-arab-latn-1968,BGN/PCGN Romanization System -- Pashto (1968),bgnpcgn,iso-639-2,pus,Arab,Latn,1968,BGN/PCGN Romanization System -- Pashto (1968),,NOTE: OGC 11-122r1 code `pus_Arab2Latn_BGN_1968`. Date approved: 1968
bgnpcgn-pus-arab-latn-2007,BGN/PCGN Romanization System -- Afghanistan (Unified Agreement) (2007),bgnpcgn,iso-639-2,pus,Arab,Latn,2007,BGN/PCGN Romanization System -- Afghanistan (Unified Agreement) (2007),,NOTE: OGC 11-122r1 code `uas_Arab2Latn_BGN_2007`. Date approved: 2007;  Notes: Applicable to Nuristani languages but not represented in ISO 639
bgnpcgn-ron-cyrl-latn-2002,BGN/PCGN Table of Correspondences -- Moldovan (2002),bgnpcgn,iso-639-2,ron,Cyrl,Latn,2002,BGN/PCGN Table of Correspondences -- Moldovan (2002),,"NOTE: OGC 11-122r1 code `mol_Cyrl2Latn_BGN_2002`. Date approved: 2002;  Originator: Govt of Moldova, 1990"
bgnpcgn-rue-cyrl-latn-2016,BGN/PCGN Romanization System -- Rusyn (2016),bgnpcgn,iso-639-2,rue,Cyrl,Latn,2016,BGN/PCGN Romanization System -- Rusyn (2016),,NOTE: OGC 11-122r1 code `rue_Cyrl2Latn_BGN_2016`. Date approved: 2016
bgnpcgn-rus-cyrl-latn-1947,BGN/PCGN Romanization System -- Russian (1947),bgnpcgn,iso-639-2,rus,Cyrl,Latn,1947,BGN/PCGN Romanization System -- Russian (1947),,NOTE: OGC 11-122r1 code `rus_Cyrl2Latn_BGN_1947`. Date approved: 1947
bgnpcgn-sah-cyrl-latn-2012,BGN/PCGN Romanization System -- Yakut (2012),bgnpcgn,iso-639-2,sah,Cyrl,Latn,2012,BGN/PCGN Romanization System -- Yakut (2012),,Date approved: 2012
bgnpcgn-shn-mymr-latn-2011,BGN/PCGN Romanization System -- Shan (2011),bgnpcgn,iso-639-2,shn,Mymr,Latn,2011,BGN/PCGN Romanization System -- Shan (2011),,Date approved: 2011
bgnpcgn-sme-latn-latn-1984,BGN/PCGN Roman-Script Spelling Convention -- Northern Sami (1984),bgnpcgn,iso-639-2,sme,Latn,Latn,1984,BGN/PCGN Roman-Script Spelling Convention -- Northern Sami (1984),,NOTE: OGC 11-122r1 code `sme_Latn2Latn_BGN_1984`. Date approved: 1984;  Originator: Northern Sami orthography
bgnpcgn-srp-cyrl-latn-2005,BGN/PCGN Table of Correspondences -- Serbian (2005),bgnpcgn,iso-639-2,srp,Cyrl,Latn,2005,BGN/PCGN Table of Correspondences -- Serbian (2005),,NOTE: OGC 11-122r1 code `srp_Cyrl2Latn_BGN_2005`. Date approved: 2005;  Originator: Govt of Serbia
bgnpcgn-syr-syrc-latn-2011,BGN/PCGN Romanization System -- Modern Syriac (2011),bgnpcgn,iso-639-2,syr,Syrc,Latn,2011,BGN/PCGN Romanization System -- Modern Syriac (2011),,Date approved: 2011
bgnpcgn-tat-cyrl-latn-2005,BGN/PCGN Table of Correspondences -- Tatar (2005),bgnpcgn,iso-639-2,tat,Cyrl,Latn,2005,BGN/PCGN Table of Correspondences -- Tatar (2005),,NOTE: OGC 11-122r1 code `tat_Cyrl2Latn_BGN_2005`. Date approved: 2005;  Originator: Tatar practice
bgnpcgn-tgk-cyrl-latn-1994,BGN/PCGN Romanization System -- Tajik (1994),bgnpcgn,iso-639-2,tgk,Cyrl,Latn,1994,BGN/PCGN Romanization System -- Tajik (1994),,NOTE: OGC 11-122r1 code `tgk_Cyrl2Latn_BGN_1994`. Date approved: 1994
bgnpcgn-tha-thai-latn-2002,BGN/PCGN Romanization Agreement -- Thai (2002),bgnpcgn,iso-639-2,tha,Thai,Latn,2002,BGN/PCGN Romanization Agreement -- Thai (2002),,"Date approved: 2002;  Originator: Royal Institute of Thailand, 2000"
bgnpcgn-tir-ethi-latn-2007,BGN/PCGN Romanization System -- Tigrinya (2007),bgnpcgn,iso-639-2,tir,Ethi,Latn,2007,BGN/PCGN Romanization System -- Tigrinya (2007),,NOTE: OGC 11-122r1 code `tir_Ethi2Latn_BGN_2007`. Date approved: 2007
bgnpcgn-tuk-arab-latn-2007,BGN/PCGN Romanization System -- Afghanistan (Unified Agreement) (2007),bgnpcgn,iso-639-2,tuk,Arab,Latn,2007,BGN/PCGN Romanization System -- Afghanistan (Unified Agreement) (2007),,NOTE: OGC 11-122r1 code `uas_Arab2Latn_BGN_2007`. Date approved: 2007;  Notes: Applicable to Nuristani languages but not represented in ISO 639
bgnpcgn-tuk-cyrl-latn-1979,BGN/PCGN Turkmen Cyrillic System (1979),bgnpcgn,iso-639-2,tuk,Cyrl,Latn,1979,BGN/PCGN Turkmen Cyrillic System (1979),,NOTE: OGC 11-122r1 code `tuk_Cyrl2Latn_BGN_1979`
bgnpcgn-tuk-cyrl-latn-2000,BGN/PCGN Table of Correspondences -- Turkmen (2000),bgnpcgn,iso-639-2,tuk,Cyrl,Latn,2000,BGN/PCGN Table of Correspondences -- Turkmen (2000),,"Date approved: 2000;  Originator: Republic of Turkmenistan, 1993"
bgnpcgn-udm-cyrl-latn-2011,BGN/PCGN Romanization System -- Udmurt (2011),bgnpcgn,iso-639-2,udm,Cyrl,Latn,2011,BGN/PCGN Romanization System -- Udmurt (2011),,Date approved: 2011
bgnpcgn-ukr-cyrl-latn-1965,BGN/PCGN Romanization System -- Ukrainian (1965),bgnpcgn,iso-639-2,ukr,Cyrl,Latn,1965,BGN/PCGN Romanization System -- Ukrainian (1965),,NOTE: OGC 11-122r1 code `ukr_Cyrl2Latn_BGN_1965`. Date approved: 1965
bgnpcgn-urd-arab-latn-2007,BGN/PCGN Romanization System -- Urdu (2007),bgnpcgn,iso-639-2,urd,Arab,Latn,2007,BGN/PCGN Romanization System -- Urdu (2007),,NOTE: OGC 11-122r1 code `urd_Arab2Latn_BGN_2007`. Date approved: 2007
bgnpcgn-uzb-arab-latn-2007,BGN/PCGN Romanization System -- Afghanistan (Unified Agreement) (2007),bgnpcgn,iso-639-2,uzb,Arab,Latn,2007,BGN/PCGN Romanization System -- Afghanistan (Unified Agreement) (2007),,NOTE: OGC 11-122r1 code `uas_Arab2Latn_BGN_2007`. Date approved: 2007;  Notes: Applicable to Nuristani languages but not represented in ISO 639
bgnpcgn-uzb-cyrl-latn-1979,BGN/PCGN Romanization System -- Uzbek Cyrillic (1979),bgnpcgn,iso-639-2,uzb,Cyrl,Latn,1979,BGN/PCGN Romanization System -- Uzbek Cyrillic (1979),,NOTE: OGC 11-122r1 code `uzb_Cyrl2Latn_BGN_1979`
bgnpcgn-uzb-cyrl-latn-2000,BGN/PCGN Table of Correspondences -- Uzbek (2000),bgnpcgn,iso-639-2,uzb,Cyrl,Latn,2000,BGN/PCGN Table of Correspondences -- Uzbek (2000),,"Date approved: 2000;  Originator: Govt of Uzbekistan, 1995"
bgnpcgn-zho-hani-latn-1979,BGN/PCGN Romanization Agreement -- Chinese Pinyin (1979),bgnpcgn,iso-639-2,zho,Hani,Latn,1979,BGN/PCGN Romanization Agreement -- Chinese Pinyin (1979),,"Date approved: 1979;  Originator: Govt of China, 1958"
bis-mul-deva-latn-13194-1991,IS 13194:1991 Indian Standard Indian script code for information interchange -- ISCII -- Roman script transliteration,bis,iso-639-3,mul,Deva,Latn,13194-1991,<<IS13194-1991>>,,
bis-mul-beng-latn-13194-1991,IS 13194:1991 Indian Standard Indian script code for information interchange -- ISCII -- Roman script transliteration,bis,iso-639-3,mul,Beng,Latn,13194-1991,<<IS13194-1991>>,aliasOf:bis-mul-deva-latn-13194-1991,
bis-mul-taml-latn-13194-1991,IS 13194:1991 Indian Standard Indian script code for information interchange -- ISCII -- Roman script transliteration,bis,iso-639-3,mul,Taml,Latn,13194-1991,<<IS13194-1991>>,aliasOf:bis-mul-deva-latn-13194-1991,
bis-mul-telu-latn-13194-1991,IS 13194:1991 Indian Standard Indian script code for information interchange -- ISCII -- Roman script transliteration,bis,iso-639-3,mul,Telu,Latn,13194-1991,<<IS13194-1991>>,aliasOf:bis-mul-deva-latn-13194-1991,
bis-mul-orya-latn-13194-1991,IS 13194:1991 Indian Standard Indian script code for information interchange -- ISCII -- Roman script transliteration,bis,iso-639-3,mul,Orya,Latn,13194-1991,<<IS13194-1991>>,aliasOf:bis-mul-deva-latn-13194-1991,
bis-mul-knda-latn-13194-1991,IS 13194:1991 Indian Standard Indian script code for information interchange -- ISCII -- Roman script transliteration,bis,iso-639-3,mul,Knda,Latn,13194-1991,<<IS13194-1991>>,aliasOf:bis-mul-deva-latn-13194-1991,
bis-mul-mlym-latn-13194-1991,IS 13194:1991 Indian Standard Indian script code for information interchange -- ISCII -- Roman script transliteration,bis,iso-639-3,mul,Mlym,Latn,13194-1991,<<IS13194-1991>>,aliasOf:bis-mul-deva-latn-13194-1991,
bis-mul-gujr-latn-13194-1991,IS 13194:1991 Indian Standard Indian script code for information interchange -- ISCII -- Roman script transliteration,bis,iso-639-3,mul,Gujr,Latn,13194-1991,<<IS13194-1991>>,aliasOf:bis-mul-deva-latn-13194-1991,
bis-mul-guru-latn-13194-1991,IS 13194:1991 Indian Standard Indian script code for information interchange -- ISCII -- Roman script transliteration,bis,iso-639-3,mul,Guru,Latn,13194-1991,<<IS13194-1991>>,aliasOf:bis-mul-deva-latn-13194-1991,
biulo-amh-ethi-latn-2003,Systeme de transcription des caracteres ethiopiens adopte par la Bibliotheque Inter-Universitaire des Langues Orientales pour le catalogage des ouvrages ethiopiens,biulo,iso-639-2,amh,Ethi,Latn,2003,<<AmhLatBIULO2003>>,,2003-12
bsi-ara-arab-latn-4280-1968,Transliteration of Arabic characters,bsi,iso-639-2,ara,Arab,Latn,4280-1968,<<BS4280-1968>>,,
bsi-chu-cyrl-latn-2979-1958,Transliteration of Cyrillic and Greek characters,bsi,iso-639-2,chu,Cyrl,Latn,2979-1958,<<BS2979-1958>>,,
bsi-ell-grek-latn-2979-1958,Transliteration of Cyrillic and Greek characters,bsi,iso-639-2,ell,Grek,Latn,2979-1958,<<BS2979-1958>>,,
bsi-jpn-jpan-latn-4812-1972,Specification for the romanization of Japanese,bsi,iso-639-2,jpn,Jpan,Latn,4812-1972,<<BS4812-1972>>,,
bsi-rus-cyrl-latn-2979-1958,Transliteration of Cyrillic and Greek characters,bsi,iso-639-2,rus,Cyrl,Latn,2979-1958,<<BS2979-1958>>,,
bsi-zho-hani-latn-7014-1989,Guide to the romanization of Chinese,bsi,iso-639-2,zho,Hani,Latn,7014-1989,<<BS7014-1989>>,,
bt-dzo-tibt-latn-1991,"Royal Government of Bhutan, Roman Dzongkha",bt,iso-639-2,dzo,Tibt,Latn,1991,"Royal Government of Bhutan, Roman Dzongkha",,"Script used is Uchen, a form of Tibt. Guide to Official Dzongkha Romanization, Dzongkha Development Commission, Royal Government of Bhutan"
bt-dzo-tibt-latn-1994,Dzongkha Government of Bhutan 1994 System,bt,iso-639-2,dzo,Tibt,Latn,1994,Dzongkha Government of Bhutan 1994 System,,NOTE: OGC 11-122r1 code `dzo_Tibt2Latn_GBT_1994`
bt-dzo-tibt-latn-1997,"Royal Government of Bhutan, Roman Dzongkha",bt,iso-639-2,dzo,Tibt,Latn,1997,"Royal Government of Bhutan, Roman Dzongkha",,"Script used is Uchen, a form of Tibt. Guide to Official Dzongkha Romanization, Dzongkha Development Commission, Royal Government of Bhutan. Approved by the Ministry of Home Affairs, Royal Government of Bhutan"
by-bel-cyrl-latn-1998,Byelorussian Government of Belarus 1998 System,by,iso-639-2,bel,Cyrl,Latn,1998,Byelorussian Government of Belarus 1998 System,,NOTE: OGC 11-122r1 code `bel_Cyrl2Latn_GBO_1998`
din-ara-arab-latn-31635-1982,"DIN 31635: Conversion of the arabic alphabet (1982-04)",din,iso-639-2,ara,Arab,Latn,31635-1982,<<DIN31635-1982>>,,
din-ara-arab-latn-31635-2011,"DIN 31635: Information and Documentation -- Romanization of the Arabic Alphabet for Arabic, Ottoman-Turkish, Persian, Kurdish, Urdu and Pushto (2011-07)",din,iso-639-2,ara,Arab,Latn,31635-2011,<<DIN31635-2011>>,,
din-arm-armn-latn-32706-2010,DIN 32706: Information and documentation -- Romanization of the Armenian alphabet (2010-01),din,iso-639-2,arm,Armn,Latn,32706-2010,<<DIN32706>>,,
din-bel-cyrl-latn-1460-1982,DIN 1460: Umschrift kyrillischer Alphabete slawischer Sprachen : conversion of Cyrillic alphabets of Slavic languages (1982-04),din,iso-639-2,bel,Cyrl,Latn,1460-1982,<<DIN1460>>,,
din-bul-cyrl-latn-1460-1982,DIN 1460: Umschrift kyrillischer Alphabete slawischer Sprachen : conversion of Cyrillic alphabets of Slavic languages (1982-04),din,iso-639-2,bul,Cyrl,Latn,1460-1982,<<DIN1460>>,,
din-cnr-cyrl-latn-1460-1982,DIN 1460: Umschrift kyrillischer Alphabete slawischer Sprachen : conversion of Cyrillic alphabets of Slavic languages (1982-04),din,iso-639-2,cnr,Cyrl,Latn,1460-1982,<<DIN1460>>,,
din-ell-grek-latn-31634-2011,DIN 31634: Information and Documentation -- Romanization of the Greek alphabet (2011-10),din,iso-639-2,ell,Grek,Latn,31634-2011,<<DIN31634>>,,
din-heb-hebr-latn-31636-2018,DIN 31636: Information and documentation -- Romanization of the Hebrew alphabet (2018-10),din,iso-639-2,heb,Hebr,Latn,31636-2018,<<DIN31636>>,,
din-hew-hebr-latn-31636-2018,DIN 31636: Information and documentation -- Romanization of the Hebrew alphabet (2018-10),din,iso-639-2,hew,Hebr,Latn,31636-2018,<<DIN31636>>,,
din-hin-deva-latn-33904-2018,DIN 33904: Information and documentation -- Romanization Devanagari (2018-10),din,iso-639-2,hin,Deva,Latn,33904-2018,<<DIN33904>>,,
din-jpn-jpan-latn-32708-2014,DIN 32708: Information and documentation -- Romanization of Japanese (2014-08),din,iso-639-2,jpn,Jpan,Latn,32708-2014,<<DIN32708>>,,
din-kat-geor-latn-32707-2010,DIN 32707: Information and documentation -- Romanization of the Georgian alphabet (2010-01),din,iso-639-2,kat,Geor,Latn,32707-2010,<<DIN32707>>,,
din-kur-arab-latn-31635-2011,"DIN 31635: Information and Documentation -- Romanization of the Arabic Alphabet for Arabic, Ottoman-Turkish, Persian, Kurdish, Urdu and Pushto (2011-07)",din,iso-639-2,kur,Arab,Latn,31635-2011,<<DIN31635-2011>,,
din-mac-cyrl-latn-1460-1982,DIN 1460: Umschrift kyrillischer Alphabete slawischer Sprachen : conversion of Cyrillic alphabets of Slavic languages (1982-04),din,iso-639-2,mac,Cyrl,Latn,1460-1982,<<DIN1460>>,,
din-mar-deva-latn-33904-2018,DIN 33904: Information and documentation -- Romanization Devanagari (2018-10),din,iso-639-2,mar,Deva,Latn,33904-2018,<<DIN33904>>,,
din-nep-deva-latn-33904-2018,DIN 33904: Information and documentation -- Romanization Devanagari (2018-10),din,iso-639-2,nep,Deva,Latn,33904-2018,<<DIN33904>>,,
din-ota-arab-latn-31635-2011,"DIN 31635: Information and Documentation -- Romanization of the Arabic Alphabet for Arabic, Ottoman-Turkish, Persian, Kurdish, Urdu and Pushto (2011-07)",din,iso-639-2,ota,Arab,Latn,31635-2011,<<DIN31635-2011>,,
din-per-arab-latn-31635-2011,"DIN 31635: Information and Documentation -- Romanization of the Arabic Alphabet for Arabic, Ottoman-Turkish, Persian, Kurdish, Urdu and Pushto (2011-07)",din,iso-639-2,per,Arab,Latn,31635-2011,<<DIN31635-2011>,,
din-pli-deva-latn-33904-2018,DIN 33904: Information and documentation -- Romanization Devanagari (2018-10),din,iso-639-2,pli,Deva,Latn,33904-2018,<<DIN33904>>,,
din-pra-deva-latn-33904-2018,DIN 33904: Information and documentation -- Romanization Devanagari (2018-10),din,iso-639-2,pra,Deva,Latn,33904-2018,<<DIN33904>>,,
din-pus-arab-latn-31635-2011,"DIN 31635: Information and Documentation -- Romanization of the Arabic Alphabet for Arabic, Ottoman-Turkish, Persian, Kurdish, Urdu and Pushto (2011-07)",din,iso-639-2,pus,Arab,Latn,31635-2011,<<DIN31635-2011>,,
din-rue-cyrl-latn-1460-1982,DIN 1460: Umschrift kyrillischer Alphabete slawischer Sprachen : conversion of Cyrillic alphabets of Slavic languages (1982-04),din,iso-639-2,rue,Cyrl,Latn,1460-1982,<<DIN1460>>,,
din-rus-cyrl-latn-1460-1982,DIN 1460: Umschrift kyrillischer Alphabete slawischer Sprachen : conversion of Cyrillic alphabets of Slavic languages (1982-04),din,iso-639-2,rus,Cyrl,Latn,1460-1982,<<DIN1460>>,,
din-san-deva-latn-33904-2018,DIN 33904: Information and documentation -- Romanization Devanagari (2018-10),din,iso-639-2,san,Deva,Latn,33904-2018,<<DIN33904>>,,
din-mul-cyrl-latn-1460-2-2011,DIN 1460-2: Umschrift kyrillischer Alphabete -- Teil 2: Umschrift kyrillischer Alphabete nicht-slawischer Sprachen : Romanization of cyrillic alphabets -- Part 2: Romanization of cyrillic alphabets of non-slavic languages (2011-10),din,iso-639-3,mul,Cyrl,Latn,1460-2-2011,<<DIN1460-2>>,,NOTE: Covers 62 languages written in the Cyrillic script.
din-srp-cyrl-latn-1460-1982,DIN 1460: Umschrift kyrillischer Alphabete slawischer Sprachen : conversion of Cyrillic alphabets of Slavic languages (1982-04),din,iso-639-2,srp,Cyrl,Latn,1460-1982,<<DIN1460>>,,
din-tam-taml-latn-33903-2016,DIN 33903: Information and documentation -- Romanization of Tamil (2016-02),din,iso-639-2,tam,Taml,Latn,33903-2016,<<DIN33903>>,,
din-ukr-cyrl-latn-1460-1982,DIN 1460: Umschrift kyrillischer Alphabete slawischer Sprachen : conversion of Cyrillic alphabets of Slavic languages (1982-04),din,iso-639-2,ukr,Cyrl,Latn,1460-1982,<<DIN1460>>,,
din-urd-arab-latn-31635-2011,"DIN 31635: Information and Documentation -- Romanization of the Arabic Alphabet for Arabic, Ottoman-Turkish, Persian, Kurdish, Urdu and Pushto (2011-07)",din,iso-639-2,urd,Arab,Latn,31635-2011,<<DIN31635-2011>,,
elot-ell-grek-latn-743-1982,ELOT 743:1982 Information and documentation -- Conversion of Greek characters into Latin characters,elot,iso-639-2,ell,Grek,Latn,743-1982,ELOT 743:1982 Information and documentation -- Conversion of Greek characters into Latin characters,,
elot-ell-grek-latn-743-2001,ELOT 743:2001 Information and documentation -- Conversion of Greek characters into Latin characters,elot,iso-639-2,ell,Grek,Latn,743-2001,<<ELOT743>>,,
ggg-kat-geor-latn-2002,Transliteration system for the Names of Geographical Features of Georgia into the Latin Alphabet,ggg,iso-639-2,kat,Geor,Latn,2002,Georgian State Department of Geodesy and Cartography 2002 System,,"NOTE: OGC 11-122r1 code `kat_Geor2Latn_GGG_2002`. Developed by State Department of Geodesy and Cartography of Georgia and the Institute of Linguistics, Georgian National Academy of Sciences; Adoption date: 2002-02"
gki-bel-cyrl-latn-1992,Byelorussian National Cartographic Authority 1992-3 System,gki,iso-639-2,bel,Cyrl,Latn,1992,Byelorussian National Cartographic Authority 1992-3 System (based on GOST 1983),,NOTE: OGC 11-122r1 code `bel_Cyrl2Latn_GBO_1992`. Based on GOST 1983.
gost-rus-cyrl-latn-16876-71-1983,GOST 16876-71: Transliteration of russian words by latin characters,gost,iso-639-2,rus,Cyrl,Latn,16876-71-1983,GOST 16876-71: Transliteration of russian words by latin characters,replacedBy:gost-rus-cyrl-latn-7-79-2000,"NOTE: OGC 11-122r1 code `rus_Cyrl2Latn_GOST_1983` Cancelled"
gost-rus-cyrl-latn-52535-1-2006,GOST R 52535.1-2006: Identification cards. Machine readable travel documents. Part 1. Machine readable passports,gost,iso-639-2,rus,Cyrl,Latn,52535-1-2006,<<GOSTR52535>>,,"NOTE: OGC 11-122r1 code `rus_Cyrl2Latn_GOST_1981`. It is used for transliteration of personal names in Russian foreign passports."
gost-rus-cyrl-latn-7-0-34-2014,"GOST R 7.0.34-2014: System of Standards on Information, Librarianship, and Publishing -- Rules for Simplified Transliteration and Practical Transcription of Russian Script by Latin Alphabet",gost,iso-639-2,rus,Cyrl,Latn,7-0-34-2014,<<GOSTR7034>>,,
gost-rus-cyrl-latn-7-79-2000,"GOST 7.79-2000: System of Standards on Information, Librarianship, and Publishing -- Rules of Transliteration of Cyrillic Script by Latin Alphabet",gost,iso-639-2,rus,Cyrl,Latn,7-0-34-2014,<<GOSTR7034>>,supercedes:gost-rus-cyrl-latn-16876-71-1983,"NOTE: OGC 11-122r1 code `rus_Cyrl2Latn_GOST_2000`"
gugk-rus-cyrl-latn-16876-1981,"Methodical Instruction on the Implementation of GOST 16876-71 (ST COMECON 1368-78) ""`Rules for Transliteration of Letters of the Cyrillic Alphabet with Letters of the Latin Alphabet, ed. 1981`"", Main Administration of Geodesy and Cartography, Council of Ministers of the USSR (GUGK)",gugk,iso-639-2,rus,Cyrl,Latn,16876-71-gugk,<<GUGKON231-13051983>>,,"NOTE: OGC 11-122r1 code `rus_Cyrl2Latn_GOST_1981`. Developed by GUGK (Main Administration of Geodesy and Cartography of USSR, Главное управление геодезии и картографии)."
tm-tuk-cyrl-latn-2000,Republic of Turkmenistan Turkmen Cyrillic Table of Correspondences System (2000),tm,iso-639-2,tuk,Cyrl,Latn,2000,Turkmen Cyrillic Table of Correspondences Republic of Turkmenistan 2000 System,,NOTE: OGC 11-122r1 code `tuk_Cyrl2Latn_GTX_2000`
var-ara-arab-latn-1932,Morocco National Romanization System,var,iso-639-2,ara,Arab,Latn,1932,Morocco National Romanization System,,1932-06-17
var-ara-arab-latn-2002,Arabic Tim Buckwalter System (2002),var,iso-639-2,ara,Arab,Latn,2002,Arabic Tim Buckwalter 2002 System,,NOTE: OGC 11-122r1 code `ara_Arab2Latn_BUC_2002`
var-arm-armn-latn-1913,Armenian Hübschmann-Meillet 1913 System,var,iso-639-2,arm,Armn,Latn,1913,<<ArmHuebschmannMeillet1913>>,,1913
var-asm-beng-latn-1872,Assamese Bengali Hunterian System,var,iso-639-2,asm,Beng,Latn,1872,Hunterian System,,
var-ben-beng-latn-1872,Bengali Hunterian System,var,iso-639-2,ben,Beng,Latn,1872,Hunterian System,,
var-hin-deva-latn-1872,Hindu Devanagari Hunterian System,var,iso-639-2,hin,Deva,Latn,1872,Hunterian System,,
var-kur-arab-latn-1931,Kurdish J.C. Edmonds Romanization System (1931),var,iso-639-2,kur,Arab,Latn,1931,Kurdish 1931 J.C. Edmonds Romanization System,,NOTE: OGC 11-122r1 code `kur_Arab2Latn_EDMONDS_1931`
var-mar-deva-latn-1872,Marathi Devanagari Hunterian System,var,iso-639-2,mar,Deva,Latn,1872,Hunterian System,,
var-ori-orya-latn-1872,Oriya Hunterian System,var,iso-639-2,ori,Orya,Latn,1872,Hunterian System,,
var-pan-guru-latn-1872,Panjabi Gurmukhi Hunterian System,var,iso-639-2,pan,Guru,Latn,1872,Hunterian System,,
var-tam-taml-latn-1872,Tamil Hunterian System,var,iso-639-2,tam,Taml,Latn,1872,Hunterian System,,
var-tel-telu-latn-1872,Telugu Hunterian System,var,iso-639-2,tel,Telu,Latn,1872,Hunterian System,,
var-urd-arab-latn-1872,Arabic Hunterian System,var,iso-639-2,urd,Arab,Latn,1872,Hunterian System,,NOTE: OGC 11-122r1 code `urd_Arab2Latn_HUN_`
var-zho-hani-latn-1912,Chinese Wade-Giles 1912 System,var,iso-639-2,zho,Hani,Latn,1979,<<ChineseWGS>>,,NOTE: OGC 11-122r1 code `zho_Hani2Latn_WDG_1979`
icao-mul-arab-latn-9303-2015,ICAO Machine-Readable Travel Documents: Transliterations Recommended for use by States,icao,iso-639-3,mul,Arab,Latn,2015,<<ICAO9303>>,,NOTE: `mul` here represents the languages written in Arabic script that are supported by this system.
icao-mul-cyrl-latn-9303-2015,ICAO Machine-Readable Travel Documents: Transliterations Recommended for use by States,icao,iso-639-3,mul,Cyrl,Latn,2015,<<ICAO9303>>,,NOTE: `mul` here represents the languages written in Cyrillic script that are supported by this system.
icao-mul-latn-latn-9303-2015,ICAO Machine-Readable Travel Documents: Transliterations Recommended for use by States,icao,iso-639-3,mul,Latn,Latn,2015,<<ICAO9303>>,,NOTE: `mul` here represents the languages written in Latin script that are supported by this system.
ign-ara-arab-latn-1973,Institut Geographique Nationale Arabic System (1973),ign,iso-639-2,ara,Arab,Latn,1973,Institut Geographique Nationale 1973 System,,NOTE: OGC 11-122r1 code `ara_Arab2Latn_IGN_1973`
iso-aez-cyrl-latn-9-1995,ISO 9:1995 Information and documentation -- Transliteration of Cyrillic characters into Latin characters -- Slavic and non-Slavic languages,iso,iso-639-2,aez,Cyrl,Latn,Sep-95,<<ISO9>>,,
iso-ara-arab-latn-233-1984,ISO 233:1984 Documentation -- Transliteration of Arabic characters into Latin characters,iso,iso-639-2,ara,Arab,Latn,233-1984,<<ISO233>>,,
iso-ara-arab-latn-233-2-1993,ISO 233-2:1993 Information and documentation -- Transliteration of Arabic characters into Latin characters -- Part 2: Arabic language -- Simplified transliteration,iso,iso-639-2,ara,Arab,Latn,233-2-1993,<<ISO233-2>>,,
iso-arm-armn-latn-9985-1996,ISO 9985:1996 Information and documentation -- Transliteration of Armenian characters into Latin characters,iso,iso-639-2,arm,Armn,Latn,9985-1996,<<ISO9985>>,,
iso-asm-beng-latn-15919-2001,ISO 15919:2001 Information and documentation -- Transliteration of Devanagari and related Indic scripts into Latin characters,iso,iso-639-2,asm,beng,Latn,15919-2001,<<ISO15919>>,,
iso-bel-cyrl-latn-9-1995,ISO 9:1995 Information and documentation -- Transliteration of Cyrillic characters into Latin characters -- Slavic and non-Slavic languages,iso,iso-639-2,bel,Cyrl,Latn,Sep-95,<<ISO9>>,,
iso-ben-beng-latn-15919-2001,ISO 15919:2001 Information and documentation -- Transliteration of Devanagari and related Indic scripts into Latin characters,iso,iso-639-2,ben,beng,Latn,15919-2001,<<ISO15919>>,,
iso-bul-cyrl-latn-9-1995,ISO 9:1995 Information and documentation -- Transliteration of Cyrillic characters into Latin characters -- Slavic and non-Slavic languages,iso,iso-639-2,bul,Cyrl,Latn,Sep-95,<<ISO9>>,,
iso-cmn-hani-latn-7098-2015,ISO 7098:2015 Information and documentation -- Romanization of Chinese,iso,iso-639-2,cmn,Hani,Latn,7098-2015,<<ISO7098>>,,
iso-gre-grek-latn-843-1997,ISO 843:1997 Information and documentation -- Conversion of Greek characters into Latin characters,iso,iso-639-2,gre,Grek,Latn,843-1997,<<ISO843>>,,
iso-guj-gujr-latn-15919-2001,ISO 15919:2001 Information and documentation -- Transliteration of Devanagari and related Indic scripts into Latin characters,iso,iso-639-2,guj,gujr,Latn,15919-2001,<<ISO15919>>,,
iso-heb-hebr-latn-259-1984,ISO 259:1984 Documentation -- Transliteration of Hebrew characters into Latin characters,iso,iso-639-2,heb,Hebr,Latn,259-1984,<<ISO259>>,,
iso-heb-hebr-latn-259-2-1994,ISO 259-2:1994 Documentation -- Transliteration of Hebrew characters into Latin characters. -- Part 2: Simplified transliteration,iso,iso-639-2,heb,Hebr,Latn,259-2-1994,<<ISO259-2>>,,
iso-hin-deva-latn-15919-2001,ISO 15919:2001 Information and documentation -- Transliteration of Devanagari and related Indic scripts into Latin characters,iso,iso-639-2,hin,Deva,Latn,15919-2001,<<ISO15919>>,,
iso-inc-deva-latn-15919-2001,ISO 15919:2001 Information and documentation -- Transliteration of Devanagari and related Indic scripts into Latin characters,iso,iso-639-2,inc,Deva,Latn,15919-2001,<<ISO15919>>,,
iso-jpn-jpan-latn-3602-1989,ISO 3602:1989 Documentation -- Romanization of Japanese (kana script),iso,iso-639-2,jpn,Jpan,Latn,3602-1989,<<ISO3602>>,,
iso-kan-knda-latn-15919-2001,ISO 15919:2001 Information and documentation -- Transliteration of Devanagari and related Indic scripts into Latin characters,iso,iso-639-2,kan,Knda,Latn,15919-2001,<<ISO15919>>,,
iso-kat-geor-latn-9984-1996,ISO 9984:1996 Information and documentation -- Transliteration of Georgian characters into Latin characters,iso,iso-639-2,kat,Geor,Latn,9984-1996,<<ISO9984>>,,
iso-mal-mlym-latn-15919-2001,ISO 15919:2001 Information and documentation -- Transliteration of Devanagari and related Indic scripts into Latin characters,iso,iso-639-2,mal,Mlym,Latn,15919-2001,<<ISO15919>>,,
iso-mar-deva-latn-15919-2001,ISO 15919:2001 Information and documentation -- Transliteration of Devanagari and related Indic scripts into Latin characters,iso,iso-639-2,mar,Deva,Latn,15919-2001,<<ISO15919>>,,
iso-mkd-cyrl-latn-9-1995,ISO 9:1995 Information and documentation -- Transliteration of Cyrillic characters into Latin characters -- Slavic and non-Slavic languages,iso,iso-639-2,mkd,Cyrl,Latn,Sep-95,<<ISO9>>,,
iso-mon-cyrl-latn-9-1995,ISO 9:1995 Information and documentation -- Transliteration of Cyrillic characters into Latin characters -- Slavic and non-Slavic languages,iso,iso-639-2,mon,Cyrl,Latn,Sep-95,<<ISO9>>,,
iso-mul-cyrl-latn-9-1995,ISO 9:1995 Information and documentation -- Transliteration of Cyrillic characters into Latin characters -- Slavic and non-Slavic languages,iso,iso-639-2,mul,Cyrl,Latn,Sep-95,<<ISO9>>,,NOTE: `mul` here represents non-Slavic languages supported by this system.
iso-nep-deva-latn-15919-2001,ISO 15919:2001 Information and documentation -- Transliteration of Devanagari and related Indic scripts into Latin characters,iso,iso-639-2,nep,Deva,Latn,15919-2001,<<ISO15919>>,,
iso-ori-orya-latn-15919-2001,ISO 15919:2001 Information and documentation -- Transliteration of Devanagari and related Indic scripts into Latin characters,iso,iso-639-2,ori,Orya,Latn,15919-2001,<<ISO15919>>,,
iso-per-arab-latn-233-3-1999,ISO 233-3:1999 Information and documentation -- Transliteration of Arabic characters into Latin characters -- Part 3: Persian language -- Simplified transliteration,iso,iso-639-2,per,Arab,Latn,233-3-1999,<<ISO233-3>>,,
iso-pli-beng-latn-15919-2001,ISO 15919:2001 Information and documentation -- Transliteration of Devanagari and related Indic scripts into Latin characters,iso,iso-639-2,pli,Beng,Latn,15919-2001,<<ISO15919>>,,
iso-pli-deva-latn-15919-2001,ISO 15919:2001 Information and documentation -- Transliteration of Devanagari and related Indic scripts into Latin characters,iso,iso-639-2,pli,Deva,Latn,15919-2001,<<ISO15919>>,,
iso-pli-mymr-latn-15919-2001,ISO 15919:2001 Information and documentation -- Transliteration of Devanagari and related Indic scripts into Latin characters,iso,iso-639-2,pli,Mymr,Latn,15919-2001,<<ISO15919>>,,
iso-pli-sinh-latn-15919-2001,ISO 15919:2001 Information and documentation -- Transliteration of Devanagari and related Indic scripts into Latin characters,iso,iso-639-2,pli,Sinh,Latn,15919-2001,<<ISO15919>>,,
iso-pli-thai-latn-15919-2001,ISO 15919:2001 Information and documentation -- Transliteration of Devanagari and related Indic scripts into Latin characters,iso,iso-639-2,pli,Thai,Latn,15919-2001,<<ISO15919>>,,
iso-pra-deva-latn-15919-2001,ISO 15919:2001 Information and documentation -- Transliteration of Devanagari and related Indic scripts into Latin characters,iso,iso-639-2,pra,Deva,Latn,15919-2001,<<ISO15919>>,,
iso-rus-cyrl-latn-9-1995,ISO 9:1995 Information and documentation -- Transliteration of Cyrillic characters into Latin characters -- Slavic and non-Slavic languages,iso,iso-639-2,rus,Cyrl,Latn,Sep-95,<<ISO9>>,,
iso-san-deva-latn-15919-2001,ISO 15919:2001 Information and documentation -- Transliteration of Devanagari and related Indic scripts into Latin characters,iso,iso-639-2,san,Deva,Latn,15919-2001,<<ISO15919>>,,
iso-sla-cyrl-latn-9-1995,ISO 9:1995 Information and documentation -- Transliteration of Cyrillic characters into Latin characters -- Slavic and non-Slavic languages,iso,iso-639-2,sla,Cyrl,Latn,Sep-95,<<ISO9>>,,
iso-srp-cyrl-latn-9-1995,ISO 9:1995 Information and documentation -- Transliteration of Cyrillic characters into Latin characters -- Slavic and non-Slavic languages,iso,iso-639-2,srp,Cyrl,Latn,Sep-95,<<ISO9>>,,
iso-tam-taml-latn-15919-2001,ISO 15919:2001 Information and documentation -- Transliteration of Devanagari and related Indic scripts into Latin characters,iso,iso-639-2,tam,Taml,Latn,15919-2001,<<ISO15919>>,,
iso-tel-telu-latn-15919-2001,ISO 15919:2001 Information and documentation -- Transliteration of Devanagari and related Indic scripts into Latin characters,iso,iso-639-2,tel,Telu,Latn,15919-2001,<<ISO15919>>,,
iso-tgk-cyrl-latn-9-1995,ISO 9:1995 Information and documentation -- Transliteration of Cyrillic characters into Latin characters -- Slavic and non-Slavic languages,iso,iso-639-2,tgk,Cyrl,Latn,Sep-95,<<ISO9>>,,
iso-tha-thai-latn-11940-1998,ISO 11940:1998 Information and documentation -- Transliteration of Thai,iso,iso-639-2,tha,Thai,Latn,11940-1998,<<ISO11940>>,,
iso-tha-thai-latn-11940-2-2007,ISO 11940-2:2007 Information and documentation -- Transliteration of Thai characters into Latin characters -- Part 2: Simplified transcription of Thai language,iso,iso-639-2,tha,Thai,Latn,11940-2-2007,<<ISO11940-2>>,,
iso-tha-thai-latn-20674-1-2019,ISO 20674-1 Transliteration of scripts in use in Thailand -- Part 1: Transliteration of Akson-Thai-Noi,iso,iso-639-2,tha,Thai,Latn,20674-1-2019,<<ISO20674-1>>,,
iso-ukr-cyrl-latn-9-1995,ISO 9:1995 Information and documentation -- Transliteration of Cyrillic characters into Latin characters -- Slavic and non-Slavic languages,iso,iso-639-2,ukr,Cyrl,Latn,Sep-95,<<ISO9>>,,
itk-iku-cans-latn-1976,ICI Standard Orthography,itk,iso-639-2,iku,Cans,Latn,1976,<<ICISO>>,,Adoption date: 1976
kp-kor-hang-latn-2002,Democratic People's Republic of Korea Korean System (2002),kp,iso-639-2,kor,Hang,Latn,2002,Korean Democratic People's Republic of Korea Korean 2002 System,,NOTE: OGC 11-122r1 code `kor_Hang2Latn_GKN_2002`
cnt-lao-laoo-latn-1965,Lao Commission Nationale de Toponymie (CNT) Transliteration System,cnt,iso-639-2,lao,Laoo,Latn,1965,Lao Commission Nationale de Toponymie (CNT) system,,Adoption date: 1965
lbmod-ara-arab-latn-1963,Lebanon National Romanization System,lbmod,iso-639-2,ara,Arab,Latn,1963,Lebanon National Romanization System,,1963
lshk-yue-hani-latn-1993,The Linguistic Society of Hong Kong Cantonese Romanisation Scheme,lshk,iso-639-2,yue,Hani,Latn,1993,<<LSHKJP>>,,Adoption date: 1993
md-ron-cyrl-latn-1989,Republic of Moldova Romanization,md,iso-639-2,ron,Cyrl,Latn,1989,Republic of Moldova Romanization,,Note: Adopted by Moldova in Law 3462; Adoption date: 1989-08-31
mext-jpn-hrkt-latn-1954,System of Romanization for Japanese,mext,iso-639-2,jpn,Hrkt,Latn,1954,<<MEXTJP>>,,"Adoption date: 1954-12-09. Also called ""`Kunrei-siki`""."
mk-mkd-cyrl-latn-1952,Republic of North Macedonia -- Transliteration of Macedonian Cyrillic into Latin,mk,iso-639-2,mkd,Cyrl,Latn,1952,<<MkSkopje>>,,
mlc-mya-mymr-latn-1980,Myanmar Language Commission Transcription System (MLCTS),mlc,iso-639-2,mya,Mymr,Latn,1980,<<MLCTS>>,,
mlmupc-khm-khmr-latn-1997,Transcription System for Khmer,mlmupc,iso-639-2,khm,Khmr,Latn,1997,<<KhmrLatn>>,,
moct-kor-hang-latn-2000,Korean Ministry of Culture and Tourism 2000 System,moct,iso-639-2,kor,Hang,Latn,2000,Korean Ministry of Culture and Tourism 2000 System,,NOTE: OGC 11-122r1 code `kor_Hang2Latn_MOCT_2000`
msst-tuk-cyrl-latn-1999,Turkmen Standard TDS 565-1999 -- Official Roman Alphabet,msst,iso-639-2,tuk,Cyrl,Latn,1999,Turkmen Standard TDS 565-1999 -- Official Roman Alphabet,,
mv-div-thaa-latn-1976,Republic of Maldives Official Romanization System,mv,iso-639-2,div,Thaa,Latn,1976,<<MaliLatin>>,,
mv-div-thaa-latn-1988,Republic of Maldives Official Romanization System 1988,mv,iso-639-2,div,Thaa,Latn,1988,Republic of Maldives Official Romanization System 1988,,NOTE: OGC 11-122r1 code `div_Thaa2Latn_GMV_1988`
nco-per-arab-latn-2004,National Cartographic Center of Iran Persia Broad Transcription System (2004),nco,iso-639-2,per,Arab,Latn,2004,Persian 2004 Broad Transcription System National Cartographic Center of Iran,,NOTE: OGC 11-122r1 code `fas_Arab2Latn_NCO_2004`
nikl-kor-kore-latn-2000,National Institute of Korean Language -- Romanization of Korean,nikl,iso-639-2,kor,Kore,Latn,2000,<<NIKLRK>>,,Date adopted: 2000-07-07
dmg-ara-arab-latn-1936,Arabic DMG System (1936),dmg,iso-639-2,ara,Arab,Latn,1936,<<AraDMG1935>>,,
dmg-per-arab-latn-1969,Perso-Arabic DMG System (1969),dmg,iso-639-2,per,Arab,Latn,1969,<<PerDMG1969>>,,
dos-nep-deva-latn-1997,Government of Nepal -- Transliteration and Translation System for Nepal,dos,iso-639-2,nep,Deva,Latn,1997,<<TTSN>>,,NOTE: First published in <<NEPREP>>.
odni-ara-arab-latn-2004,Office of the Director Of National Intelligence Arabic Personal Names 2004 System,odni,iso-639-2,ara,Arab,Latn,2004,Arabic Personal Names Office of the Director Of National Intelligence 2004 System,,NOTE: OGC 11-122r1 code `ara_Arab2Latn_ODNI_2004`
odni-bul-cyrl-latn-2005,Office of the Director Of National Intelligence Bulgarian Personal Names 2004 System,odni,iso-639-2,bul,Cyrl,Latn,2005,Bulgarian Personal Names Office of the Director Of National Intelligence Bulgarian Personal Names 2004 System,,NOTE: OGC 11-122r1 code `bul_Cyrl2Latn_ODNI_2005`
odni-kor-hang-latn-2004,Office of the Director Of National Intelligence Korean Personal Names 2004 System,odni,iso-639-2,kor,Hang,Latn,2004,Korean Personal Names Office of the Director Of National Intelligence 2004 System,,NOTE: OGC 11-122r1 code `kor_Hang2Latn_ODNI_2004`
odni-mkd-cyrl-latn-2005,Office of the Director Of National Intelligence Macedonian Personal Names 2004 System,odni,iso-639-2,mkd,Cyrl,Latn,2005,Macedonian Personal Names Office of the Director Of National Intelligence 2004 System,,NOTE: OGC 11-122r1 code `mkd_Cyrl2Latn_ODNI_2005`
odni-per-arab-latn-2004,Office of the Director Of National Intelligence Farsi (Iranian Persian) Personal Names 2004 System,odni,iso-639-2,per,Arab,Latn,2004,Farsi (Iranian Persian) Personal Names Office of the Director Of National Intelligence 2004 System,,NOTE: OGC 11-122r1 code `fas_Arab2Latn_ODNI_2004`
odni-rus-cyrl-latn-2004,Office of the Director Of National Intelligence Russian Personal Names 2004 System,odni,iso-639-2,rus,Cyrl,Latn,2004,Russian Personal Names Office of the Director Of National Intelligence 2004 System,,NOTE: OGC 11-122r1 code `rus_Cyrl2Latn_ODNI_2004`
odni-srp-cyrl-latn-2005,Office of the Director Of National Intelligence Serbian Personal Names 2004 System,odni,iso-639-2,srp,Cyrl,Latn,2005,Serbian Personal Names Office of the Director Of National Intelligence 2004 System,,NOTE: OGC 11-122r1 code `srp_Cyrl2Latn_ODNI_2005`
odni-ukr-cyrl-latn-2005,Office of the Director Of National Intelligence Ukrainian Personal Names 2004 System,odni,iso-639-2,ukr,Cyrl,Latn,2005,Ukrainian Personal Names Office of the Director Of National Intelligence 2004 System,,NOTE: OGC 11-122r1 code `ukr_Cyrl2Latn_ODNI_2005`
odni-urd-arab-latn-2004,Office of the Director Of National Intelligence Urdu Personal Names 2004 System,odni,iso-639-2,urd,Arab,Latn,2004,Urdu Personal Names Office of the Director Of National Intelligence 2004 System,,NOTE: OGC 11-122r1 code `urd_Arab2Latn_ODNI_2004`
rjgc-ara-arab-latn-1996,Arabic Royal Jordanian Geographic Center 1996 System,rjgc,iso-639-2,ara,Arab,Latn,1996,Arabic Royal Jordanian Geographic Center 1996 System,,NOTE: OGC 11-122r1 code `ara_Arab2Latn_RJGC_1996`
royin-tha-thai-latn-1968,Royal Thai General System of Transcription (1968),royin,iso-639-2,tha,Thai,Latn,1968,Thai Royal Institute of Thailand 1968 System,,NOTE: OGC 11-122r1 code `tha_Thai2Latn_RIT_1968`
royin-tha-thai-latn-1999,Royal Thai General System of Transcription (1999),royin,iso-639-2,tha,Thai,Latn,1999,<<ThaiLatn>>,,NOTE: OGC 11-122r1 code `tir_Thai2Latn_RIT_2000`
rs-srp-cyrl-latn-1954,Republic of Serbia -- Serbian Latin alphabet,rs,iso-639-2,srp,Cyrl,Latn,1954,Republic of Serbia -- Serbian Latin alphabet,,NOTE: The Novi Sad Agreement was signed in December 1954.
sac-zho-hani-latn-1979,Chinese Hanyu Pinyin 1979 System,sac,iso-639-2,zho,Hani,Latn,1979,Chinese Hanyu Pinyin 1979 System,,NOTE: OGC 11-122r1 code `zho_Hani2Latn_GCH_1979`
sac-zho-hans-latn-1958,Romanization system for the Chinese phonetic alphabet,sac,iso-639-2,zho,Hans,Latn,1958,"<<GBT16159>>, <<GBT15834>>, <<GBT28039>>, <<pinyin>>, <<pingyingeo>>",,
ses-ara-arab-latn-1930,Survey of Egypt Arabic System,ses,iso-639-2,ara,Arab,Latn,1930,Arabic Survey of Egypt System,,NOTE: OGC 11-122r1 code `ara_Arab2Latn_SES_1930`
sgk-khm-khmr-latn-1959,Khmere Service Geographique 1959 System,sgk,iso-639-2,khm,Khmr,Latn,1959,Khmere Service Geographique 1959 System,,NOTE: OGC 11-122r1 code `khm_Khmr2Latn_SGK_1959`
ua-ukr-cyrl-latn-1996,Government of Ukraine Ukrainian System (1996),ua,iso-639-2,ukr,Cyrl,Latn,1996,Ukrainian Government of Ukraine 1996 System,,NOTE: OGC 11-122r1 code `ukr_Cyrl2Latn_GUP_1996`
ucis-uig-arab-latn-2001,Uyghur Computer Information Society Latin Script for Uyghur (2001),ucis,iso-639-2,uig,Arab,Latn,2001,Uyghur Computer Information Society Latin Script for Uyghur (2001),,NOTE: OGC 11-122r1 code `uig_Arab2Latn_UCIS_2001`
un-amh-ethi-latn-2016,UN Romanization of Amharic version 4.0,un,iso-639-2,amh,Ethi,Latn,2016,UN Romanization of Amharic version 4.0,,2016-03-30
un-ara-arab-latn-2018,UN Romanization of Arabic version 5.0,un,iso-639-2,ara,Arab,Latn,2018,UN Romanization of Arabic version 5.0,,2018-06-9
un-arm-armn-latn-2016,UN Romanization of Armenian version 4.0,un,iso-639-2,arm,Armn,Latn,2016,UN Romanization of Armenian version 4.0,,2016-03-30
un-asm-ahom-latn-2016,UN Romanization of Assamese version 4.0,un,iso-639-2,asm,Ahom,Latn,2016,UN Romanization of Assamese version 4.0,,2016-03-30
un-bel-cyrl-latn-2013,UN Romanization of Belarusian version 4.0,un,iso-639-2,bel,Cyrl,Latn,2013,UN Romanization of Belarusian version 4.0,,2013-02-26
un-ben-beng-latn-2016,UN Romanization of Bengali version 4.0,un,iso-639-2,ben,Beng,Latn,2016,UN Romanization of Bengali version 4.0,,2016-03-30
un-bod-tibt-latn-2013,UN Romanization of Tibetan version 4.0,un,iso-639-2,bod,Tibt,Latn,2013,UN Romanization of Tibetan version 4.0,,2013-09-24
un-bul-cyrl-latn-2013,UN Romanization of Bulgarian version 4.0,un,iso-639-2,bul,Cyrl,Latn,2013,"UN Romanization of Bulgarian version 4.0, <<BulLatUN2012>>",aliasOf:bgna-bul-cyrl-latn-2009,2013-02-26
un-div-thaa-latn-2016,UN Romanization of Maldivian version 4.0,un,iso-639-2,div,Thaa,Latn,2016,UN Romanization of Maldivian version 4.0,,2016-03-30
un-dzo-tibt-latn-2013,UN Romanization of Dzongkha version 4.0,un,iso-639-2,dzo,Tibt,Latn,2013,UN Romanization of Dzongkha version 4.0,,"2013-09-24, source script is Uchen, a form of Tibt"
un-gre-grek-latn-2016,UN Romanization of Greek version 4.0,un,iso-639-2,gre,Grek,Latn,2016,UN Romanization of Greek version 4.0,,2016-03-30
un-guj-gujr-latn-2016,UN Romanization of Gujarati version 4.0,un,iso-639-2,guj,Gujr,Latn,2016,UN Romanization of Gujarati version 4.0,,2016-03-30
un-heb-hebr-latn-2013,UN Romanization of Hebrew version 4.0,un,iso-639-2,heb,Hebr,Latn,2013,UN Romanization of Hebrew version 4.0,,2013-02-26
un-hin-deva-latn-2016,UN Romanization of Hindi version 4.0,un,iso-639-2,hin,Deva,Latn,2016,UN Romanization of Hindi version 4.0,,2016-03-30
un-jpn-jpan-latn-2013,UN Romanization of Japanese version 4.0,un,iso-639-2,jpn,Jpan,Latn,2013,UN Romanization of Japanese version 4.0,,2013-09-24
un-kan-knda-latn-2016,UN Romanization of Kannada version 4.0,un,iso-639-2,kan,Knda,Latn,2016,UN Romanization of Kannada version 4.0,,2016-03-30
un-kat-geor-latn-2018,UN Romanization of Georgian version 4.1,un,iso-639-2,kat,Geor,Latn,2018,UN Romanization of Georgian version 4.1,,2018-12-17
un-kaz-cyrl-latn-2016,UN Romanization of Kazakh version 4.0,un,iso-639-2,kaz,Cyrl,Latn,2016,UN Romanization of Kazakh version 4.0,,2016-03-30
un-khm-khmr-latn-2013,UN Romanization of Khmer version 4.0,un,iso-639-2,khm,Khmr,Latn,2013,UN Romanization of Khmer version 4.0,,2013-09-24
un-kir-cyrl-latn-2016,UN Romanization of Kirghiz version 4.0,un,iso-639-2,kir,Cyrl,Latn,2016,UN Romanization of Kirghiz version 4.0,,2016-03-30
un-kor-kore-latn-2013,UN Romanization of Korean version 4.0,un,iso-639-2,kor,Kore,Latn,2013,UN Romanization of Korean version 4.0,,2013-09-24
un-lao-laoo-latn-2013,UN Romanization of Lao version 4.0,un,iso-639-2,lao,Laoo,Latn,2013,UN Romanization of Lao version 4.0,,2013-09-24
un-mal-mlym-latn-2016,UN Romanization of Malayalam version 4.0,un,iso-639-2,mal,Mlym,Latn,2016,UN Romanization of Malayalam version 4.0,,2016-03-30
un-mar-deva-latn-2016,UN Romanization of Marathi version 4.0,un,iso-639-2,mar,Deva,Latn,2016,UN Romanization of Marathi version 4.0,,2016-03-30
un-mkd-cyrl-latn-2013,UN Romanization of Macedonian version Cyrillic version 4.0,un,iso-639-2,mkd,Cyrl,Latn,2013,UN Romanization of Macedonian version Cyrillic version 4.0,,2013-02-26
un-mon-cyrl-latn-2016,UN Romanization of Mongolian version (Cyrillic) version 4.0,un,iso-639-2,mon,Cyrl,Latn,2016,UN Romanization of Mongolian version (Cyrillic) version 4.0,,2016-03-30
un-mon-mong-latn-2013,UN Romanization of Mongolian version (in China) version 4.0,un,iso-639-2,mon,Mong,Latn,2013,UN Romanization of Mongolian version (in China) version 4.0,,2013-09-24
un-mya-mymr-latn-2013,UN Romanization of Burmese version 4.0,un,iso-639-2,mya,Mymr,Latn,2013,UN Romanization of Burmese version 4.0,,2013-09-24
un-nep-deva-latn-2013,UN Romanization of Nepali version 4.0,un,iso-639-2,nep,Deva,Latn,2013,UN Romanization of Nepali version 4.0,,2013-02-26
un-ori-orya-latn-2016,UN Romanization of Oriya version 4.0,un,iso-639-2,ori,Orya,Latn,2016,UN Romanization of Oriya version 4.0,,2016-03-30
un-pan-guru-latn-2016,UN Romanization of Punjabi version 4.0,un,iso-639-2,pan,Guru,Latn,2016,UN Romanization of Punjabi version 4.0,,2016-03-30
un-per-arab-latn-2013,UN Romanization of Persian version 4.0,un,iso-639-2,per,Arab,Latn,2013,UN Romanization of Persian version 4.0,,2013-02-26
un-pus-arab-latn-2016,UN Romanization of Pashto version 4.0,un,iso-639-2,pus,Arab,Latn,2016,UN Romanization of Pashto version 4.0,,2016-03-30
un-rus-cyrl-latn-2016,UN Romanization of Russian version 4.0,un,iso-639-2,rus,Cyrl,Latn,2016,UN Romanization of Russian version 4.0,,2016-03-30
un-sin-sinh-latn-2016,UN Romanization of Sinhalese version 4.0,un,iso-639-2,sin,Sinh,Latn,2016,UN Romanization of Sinhalese version 4.0,,2016-03-30
un-srp-cyrl-latn-2016,UN Romanization of Serbian version 4.0,un,iso-639-2,srp,Cyrl,Latn,2016,UN Romanization of Serbian version 4.0,,2016-03-30
un-tam-taml-latn-2016,UN Romanization of Tamil version 4.0,un,iso-639-2,tam,Taml,Latn,2016,UN Romanization of Tamil version 4.0,,2016-03-30
un-tel-telu-latn-2016,UN Romanization of Telugu version 4.0,un,iso-639-2,tel,Telu,Latn,2016,UN Romanization of Telugu version 4.0,,2016-03-30
un-tgk-cyrl-latn-2016,UN Romanization of Tajik version 4.0,un,iso-639-2,tgk,Cyrl,Latn,2016,UN Romanization of Tajik version 4.0,,2016-03-30
un-tha-thai-latn-2013,UN Romanization of Thai version 4.0,un,iso-639-2,tha,Thai,Latn,2013,UN Romanization of Thai version 4.0,,2013-09-24
un-tir-ethi-latn-2013,UN Romanization of Tigrinya version 4.0,un,iso-639-2,tir,Ethi,Latn,2013,UN Romanization of Tigrinya version 4.0,,2013-02-26
un-uig-arab-latn-2013,UN Romanization of Uighur version 4.0,un,iso-639-2,uig,Arab,Latn,2013,UN Romanization of Uighur version 4.0,,2013-09-24
un-urd-arab-latn-1972,UN Urdu System (1972),un,iso-639-2,urd,Arab,Latn,1972,Urdu United Nations 1972 System,,NOTE: OGC 11-122r1 code `urd_Arab2Latn_UN_1972`
un-urd-arab-latn-2016,UN Romanization of Urdu version 4.0,un,iso-639-2,urd,Arab,Latn,2016,UN Romanization of Urdu version 4.0,,2016-03-30
un-urk-cyrl-latn-2013,UN Romanization of Ukrainian version 4.0,un,iso-639-2,urk,Cyrl,Latn,2013,UN Romanization of Ukrainian version 4.0,,2013-02-26
un-zho-hani-latn-2013,UN Romanization of Chinese version 4.0,un,iso-639-2,zho,Hani,Latn,2013,UN Romanization of Chinese version 4.0,,2013-09-24
uz-uzb-cyrl-latn-2000,Government of Uzbekistan Uzbek Cyrillic Table of Correspondences System (2000),uz,iso-639-2,uzb,Cyrl,Latn,2000,Government of Uzbekistan Uzbek Cyrillic Table of Correspondences System (2000),,NOTE: OGC 11-122r1 code `uzb_Cyrl2Latn_GUZ_2000`
xlsc-uig-arab-latn-1959,XUAR Language and Script Committee Uyghur Pinyin New Script 1959,xlsc,iso-639-2,uig,Arab,Latn,1959,XUAR Language and Script Committee Uyghur Pinyin New Script 1959,,NOTE: OGC 11-122r1 code `uig_Arab2Latn_XLSC_1959`
yivo-yid-hebr-latn-1968,YIVO system for transcription of Yiddish,yivo,iso-639-2,yid,Hebr,Latn,1968,<<YIVOAB>>,,Adoption date: 1968
